9805 2
0.50211215 0.155093476
0.5183106 0.14451386
0.513271868 0.136192337
0.510383368 0.166551486
0.520741165 0.177182749
0.5333183 0.159872726
0.490238547 0.0916142
0.510130167 0.0990778357
0.509892941 0.08942692
0.489518464 0.1041068
0.50879544 0.10658063
0.510130167 0.0990778357
0.489928722 0.117290989
0.5083771 0.11729683
0.50879544 0.10658063
0.482854068 0.116726592
0.489518464 0.1041068
0.5469226 0.195946768
0.5615736 0.204467222
0.5688471 0.176844731
0.491997242 0.130273953
0.5099578 0.127105609
0.5083771 0.11729683
0.5182469 0.04194118
0.527748466 0.07333021
0.551834 0.0603204221
0.496002436 0.142918661
0.513271868 0.136192337
0.5099578 0.127105609
0.5122354 0.07818325
0.510355353 0.07689257
0.511213839 0.07828428
0.5221038 0.116595194
0.531676352 0.118435279
0.5327179 0.114373937
0.528873742 0.136629179
0.5362416 0.129588082
0.533518255 0.126310542
0.5511505 0.122681454
0.5587446 0.11128743
0.550412655 0.119113341
0.557449162 0.1501093
0.5579058 0.1320733
0.550961 0.13429983
0.528873742 0.136629179
0.534639955 0.141864315
0.5399655 0.132355765
0.519812167 0.105152175
0.531417847 0.1106482
0.5690665 0.09190722
0.557449162 0.1501093
0.5690665 0.158371761
0.567773163 0.131676927
0.534639955 0.141864315
0.5420767 0.146089688
0.544871449 0.134087071
0.5226301 0.123708829
0.531986654 0.122520223
0.531676352 0.118435279
0.524899542 0.13039808
0.533518255 0.126310542
0.531986654 0.122520223
0.5420767 0.146089688
0.551414132 0.14899452
0.550961 0.13429983
0.5327179 0.114373937
0.531676352 0.118435279
0.53812325 0.118795708
0.5362416 0.129588082
0.5408661 0.123987272
0.5392538 0.122568563
0.5399655 0.132355765
0.5430881 0.125104979
0.5408661 0.123987272
0.544871449 0.134087071
0.5457124 0.125408068
0.5430881 0.125104979
0.550961 0.13429983
0.548504233 0.124670252
0.5457124 0.125408068
0.5579058 0.1320733
0.5511505 0.122681454
0.548504233 0.124670252
0.5410112 0.112296477
0.538660347 0.116935953
0.540629 0.116440311
0.5198342 0.109921351
0.5327179 0.114373937
0.531417847 0.1106482
0.527748466 0.07333021
0.509892941 0.08942692
0.510130167 0.0990778357
0.5092899 0.0788291842
0.510480464 0.0792899
0.511213839 0.07828428
0.48894912 0.145153835
0.496002436 0.142918661
0.491997242 0.130273953
0.52624464 0.0282093734
0.513486147 0.0368553251
0.5182469 0.04194118
0.484829783 0.1309674
0.491997242 0.130273953
0.489928722 0.117290989
0.482803226 0.10270597
0.489518464 0.1041068
0.490238547 0.0916142
0.487624 0.07648666
0.484135866 0.089361
0.490238547 0.0916142
0.504588842 0.172017738
0.5159275 0.183915928
0.520741165 0.177182749
0.5033354 0.07895325
0.5092899 0.0788291842
0.510355353 0.07689257
0.495421648 0.159069911
0.504588842 0.172017738
0.510383368 0.166551486
0.5092899 0.0788291842
0.5101885 0.08142103
0.510480464 0.0792899
0.509892941 0.08942692
0.5033354 0.07895325
0.495421648 0.159069911
0.50211215 0.155093476
0.496002436 0.142918661
0.495866477 0.07991825
0.4925537 0.06505163
0.487624 0.07648666
0.544142663 0.166503921
0.551414132 0.14899452
0.5420767 0.146089688
0.5099578 0.127105609
0.513271868 0.136192337
0.524899542 0.13039808
0.5083771 0.11729683
0.5099578 0.127105609
0.5226301 0.123708829
0.5333183 0.159872726
0.5420767 0.146089688
0.534639955 0.141864315
0.557122052 0.172575787
0.5688471 0.176844731
0.5690665 0.158371761
0.551834 0.0603204221
0.510130167 0.0990778357
0.519812167 0.105152175
0.524781942 0.152549163
0.534639955 0.141864315
0.528873742 0.136629179
0.5083771 0.11729683
0.5221038 0.116595194
0.5198342 0.109921351
0.527748466 0.07333021
0.5182469 0.04194118
0.5134194 0.06384565
0.495866477 0.07991825
0.5033354 0.07895325
0.5134194 0.06384565
0.509892941 0.08942692
0.5143553 0.0807135254
0.5101885 0.08142103
0.550412655 0.119113341
0.5587446 0.11128743
0.5410112 0.112296477
0.5690665 0.09190722
0.531417847 0.1106482
0.5410112 0.112296477
0.511213839 0.07828428
0.5118112 0.07947339
0.5122354 0.07818325
0.5118112 0.07947339
0.5143553 0.0807135254
0.5122354 0.07818325
0.48894912 0.145153835
0.484829783 0.1309674
0.470318854 0.137171581
0.487624 0.07648666
0.476670325 0.06947692
0.470899 0.08427383
0.484135866 0.089361
0.470899 0.08427383
0.4673537 0.101308033
0.482854068 0.116726592
0.482803226 0.10270597
0.4673537 0.101308033
0.484829783 0.1309674
0.482854068 0.116726592
0.467523158 0.1192245
0.761359155 0.759331
0.7526187 0.7504522
0.742739737 0.7686707
0.7526187 0.7504522
0.741339564 0.7457374
0.7395509 0.7670327
0.7293821 0.7457677
0.718658 0.750305057
0.7327134 0.7679772
0.718658 0.750305057
0.7107144 0.7583367
0.7301723 0.770366132
0.7107144 0.7583367
0.7063739 0.7684216
0.7287291 0.7735977
0.7287291 0.7735977
0.7063739 0.7684216
0.705644667 0.7793933
0.7287883 0.777082264
0.705644667 0.7793933
0.7089624 0.790125668
0.697767138 0.7796993
0.701372862 0.7928839
0.730123 0.780284166
0.7089624 0.790125668
0.716180563 0.799068749
0.701372862 0.7928839
0.7099162 0.8042128
0.7324894 0.7828155
0.716180563 0.799068749
0.726431251 0.8047653
0.7355409 0.7843343
0.726431251 0.8047653
0.7382919 0.8061918
0.722470045 0.8117267
0.7373394 0.813987732
0.7388793 0.784595966
0.7382919 0.8061918
0.750019252 0.8029211
0.742013037 0.783581138
0.750019252 0.8029211
0.759762168 0.795178354
0.7444665 0.781409442
0.759762168 0.795178354
0.765636 0.7839115
0.765636 0.7839115
0.7660474 0.771104038
0.746089339 0.774911344
0.61675334 0.832881153
0.612431049 0.8276893
0.610754132 0.8301075
0.618796349 0.8393079
0.61675334 0.832881153
0.614293 0.834492743
0.618232965 0.8459865
0.618796349 0.8393079
0.615923345 0.8398332
0.637678266 0.8505106
0.637678266 0.835401356
0.615134239 0.8518958
0.618232965 0.8459865
0.6154114 0.8453069
0.6086984 0.8533791
0.6098926 0.855983257
0.615134239 0.8518958
0.5931535 0.851372
0.591082 0.8534234
0.5968879 0.8567557
0.5895984 0.8470438
0.5869301 0.848187566
0.591082 0.8534234
0.587899 0.841750562
0.585041046 0.841847
0.5869301 0.848187566
0.567913532 0.84169364
0.5703798 0.854444563
0.5883143 0.8362987
0.58567977 0.8353674
0.585041046 0.841847
0.570289 0.8294746
0.567913532 0.84169364
0.5908091 0.8314999
0.5887185 0.829744637
0.58567977 0.8353674
0.5936596 0.8256816
0.5887185 0.829744637
0.5908091 0.8314999
0.5999083 0.8238254
0.5936596 0.8256816
0.5950382 0.828112245
0.846411467 0.9627764
0.846411467 0.9543424
0.843332648 0.9551618
0.246322542 0.835779548
0.254983544 0.845367849
0.259463251 0.840322256
0.2418885 0.822889
0.246322542 0.835779548
0.253192067 0.832375646
0.242747009 0.808592737
0.2418885 0.822889
0.250038028 0.8223111
0.846411467 0.9543424
0.843270659 0.946693957
0.840785 0.948518157
0.2494897 0.794610858
0.242747009 0.808592737
0.25104785 0.8114025
0.276811033 0.785554
0.276773632 0.793393
0.2866198 0.7955897
0.843270659 0.946693957
0.837619662 0.9411146
0.8360136 0.943531454
0.261231154 0.8284801
0.253192067 0.832375646
0.259463251 0.840322256
0.289007 0.80685544
0.294651955 0.8006446
0.2866198 0.7955897
0.259463251 0.840322256
0.2681295 0.845574
0.2708723 0.8370853
0.282948434 0.803318858
0.2866198 0.7955897
0.276773632 0.793393
0.2681295 0.845574
0.27846837 0.8474587
0.277564853 0.838377
0.28911832 0.845139861
0.298259646 0.838283062
0.290465862 0.832753658
0.269011557 0.8040851
0.2662431 0.7951472
0.256796032 0.801469445
0.298259646 0.838283062
0.3034272 0.8281923
0.29422614 0.8264315
0.263208419 0.8085412
0.256796032 0.801469445
0.25104785 0.8114025
0.3034272 0.8281923
0.3039405 0.817537665
0.29515332 0.819259465
0.2598027 0.8149477
0.25104785 0.8114025
0.250038028 0.8223111
0.3039405 0.817537665
0.3006132 0.808014631
0.293271482 0.812441647
0.25917086 0.8219679
0.250038028 0.8223111
0.253192067 0.832375646
0.265575528 0.852811158
0.2681295 0.845574
0.259463251 0.840322256
0.2788957 0.8556141
0.27846837 0.8474587
0.2681295 0.845574
0.305917978 0.8446844
0.311680049 0.8304532
0.3034272 0.8281923
0.9798599 0.189949632
0.979843438 0.182187438
0.975567341 0.183512032
0.311680049 0.8304532
0.311680049 0.816585541
0.3039405 0.817537665
0.8303652 0.937899768
0.829642653 0.9408869
0.8360136 0.943531454
0.311680049 0.816585541
0.3069159 0.804631233
0.3006132 0.808014631
0.976943433 0.197138846
0.9798599 0.189949632
0.9755299 0.18961823
0.3069159 0.804631233
0.298829347 0.795971453
0.294651955 0.8006446
0.2892732 0.7889147
0.2866198 0.7955897
0.294651955 0.8006446
0.843277454 0.970686734
0.846411467 0.9627764
0.843194366 0.962423742
0.9413493 0.181828618
0.945432067 0.1832192
0.9477616 0.177610934
0.8374765 0.9769125
0.843277454 0.970686734
0.8403969 0.9691869
0.9412239 0.1895855
0.9453903 0.189307034
0.945432067 0.1832192
0.8298071 0.980524
0.8374765 0.9769125
0.835378051 0.9744562
0.9440277 0.196827531
0.9476322 0.194957614
0.9453903 0.189307034
0.949368834 0.20248276
0.9518307 0.199322581
0.9476322 0.194957614
0.8042636 0.963200748
0.8074986 0.96297
0.8077804 0.955722
0.95654577 0.205681145
0.9573715 0.201722264
0.9518307 0.199322581
0.81303215 0.977815866
0.8150313 0.9749236
0.809993148 0.96971333
0.804696 0.9546923
0.8077804 0.955722
0.8107251 0.9490107
0.8070921 0.9712713
0.809993148 0.96971333
0.8074986 0.96297
0.8082269 0.9469245
0.8107251 0.9490107
0.815903068 0.9438259
0.9643826 0.205681145
0.9715222 0.2026658
0.968939543 0.199516714
0.9715222 0.2026658
0.976943433 0.197138846
0.973201931 0.195237815
0.27846837 0.8474587
0.28911832 0.845139861
0.284473628 0.836913
0.184953213 0.786782861
0.170632184 0.7941966
0.173767149 0.782489657
0.184953213 0.767395
0.173767149 0.782489657
0.169673741 0.7704792
0.177778244 0.7551365
0.169673741 0.7704792
0.159837127 0.7622143
0.146728814 0.7482201
0.1666196 0.7480916
0.159837127 0.7622143
0.13399297 0.7516744
0.146728814 0.7482201
0.147372 0.760144353
0.11410898 0.8035704
0.113593519 0.777898669
0.129436314 0.7880366
0.133280158 0.8224342
0.11410898 0.8035704
0.1336655 0.797966361
0.160058558 0.823613644
0.150491476 0.8050827
0.16139549 0.8020328
0.1775822 0.805125952
0.16139549 0.8020328
0.170632184 0.7941966
0.497399479 0.7386832
0.49707672 0.7455387
0.479599744 0.7470139
0.5097865 0.787504554
0.512277 0.7780116
0.518949866 0.7781695
0.503030062 0.7990247
0.5097865 0.787504554
0.515814543 0.7909097
0.490764171 0.8045947
0.503030062 0.7990247
0.5070454 0.8049896
0.468678981 0.8099917
0.471417218 0.8031926
0.490764171 0.8045947
0.463093668 0.7551863
0.453001529 0.7734225
0.44542703 0.772316456
0.476489276 0.740652561
0.479599744 0.7470139
0.463093668 0.7551863
0.453001529 0.7734225
0.463093668 0.7551863
0.469067067 0.76974684
0.479599744 0.7470139
0.49707672 0.7455387
0.48280403 0.7579733
0.4826763 0.7903388
0.490764171 0.8045947
0.471417218 0.8031926
0.501474261 0.777148247
0.512277 0.7780116
0.5097865 0.787504554
0.463093668 0.7551863
0.479599744 0.7470139
0.473574072 0.762523055
0.49707672 0.7455387
0.507361054 0.7513439
0.4931021 0.7597593
0.4765176 0.786885738
0.471417218 0.8031926
0.457321018 0.7911129
0.497362763 0.7858264
0.5097865 0.787504554
0.503030062 0.7990247
0.507361054 0.7513439
0.513055563 0.7602922
0.5002538 0.76711446
0.457321018 0.7911129
0.453001529 0.7734225
0.469046384 0.776688755
0.490066618 0.7905602
0.503030062 0.7990247
0.490764171 0.8045947
0.5002538 0.76711446
0.513055563 0.7602922
0.512277 0.7780116
0.8343228 0.703968346
0.836777568 0.6985678
0.831994653 0.6948891
0.8526743 0.6840502
0.84575516 0.6876812
0.8464667 0.693472862
0.8425568 0.6772785
0.8317097 0.6793631
0.835471153 0.684314132
0.8447272 0.7041747
0.842777252 0.698173761
0.836777568 0.6985678
0.8526743 0.696331561
0.8464667 0.693472862
0.842777252 0.698173761
0.8317097 0.6793631
0.8259491 0.6879373
0.8317614 0.688908756
0.881405532 0.318215638
0.880863 0.316091359
0.871650636 0.315798879
0.8645393 0.29760617
0.863936365 0.309242249
0.8659984 0.308368266
0.8726862 0.289779246
0.8645393 0.29760617
0.866678 0.2983207
0.884224832 0.290045142
0.882996738 0.292316854
0.88911736 0.29990387
0.867990136 0.271683276
0.871309042 0.2861564
0.8864317 0.2858036
0.860218 0.3380306
0.8689081 0.321229845
0.8602717 0.3104572
0.88937813 0.336847842
0.908819735 0.318008751
0.894199431 0.3131112
0.844013333 0.3136674
0.8602717 0.3104572
0.8602503 0.295679361
0.860218 0.3380306
0.88937813 0.336847842
0.8825898 0.3218124
0.908819735 0.318008751
0.908819735 0.292105019
0.8951828 0.298421
0.8645393 0.29760617
0.8726862 0.289779246
0.871309042 0.2861564
0.884224832 0.290045142
0.8864317 0.2858036
0.871309042 0.2861564
0.8645393 0.29760617
0.8602503 0.295679361
0.8602717 0.3104572
0.863936365 0.309242249
0.87084347 0.317433178
0.8689081 0.321229845
0.8825898 0.3218124
0.881405532 0.318215638
0.890079558 0.3109042
0.894199431 0.3131112
0.8951828 0.298421
0.891388357 0.2994868
0.884224832 0.290045142
0.890079558 0.3109042
0.881405532 0.318215638
0.8825898 0.3218124
0.891388357 0.2994868
0.88911736 0.29990387
0.888207138 0.309673071
0.890079558 0.3109042
0.888207138 0.309673071
0.880863 0.316091359
0.8259491 0.6879373
0.8273732 0.6973944
0.831994653 0.6948891
0.863936365 0.309242249
0.87084347 0.317433178
0.871650636 0.315798879
0.908819735 0.292105019
0.892182 0.2739221
0.8864317 0.2858036
0.3620548 0.95143944
0.3516504 0.951645732
0.354105145 0.9570463
0.3527988 0.9712999
0.34903726 0.976251
0.3598843 0.978335559
0.349089 0.9667052
0.3432766 0.9676767
0.34903726 0.976251
0.3516504 0.951645732
0.344700754 0.958219647
0.34932217 0.9607249
0.370001823 0.9592825
0.3620548 0.95143944
0.360104829 0.957440257
0.492802054 0.8818234
0.491493136 0.870406032
0.489620835 0.8716372
0.491493136 0.870406032
0.482819229 0.863094568
0.4822767 0.8652189
0.473064333 0.865511358
0.472257167 0.863877058
0.46535 0.872068048
0.484003454 0.859497845
0.490791827 0.844462335
0.4616317 0.8432796
0.4616317 0.8432796
0.44542703 0.8676429
0.461685449 0.870853066
0.495613128 0.86819905
0.5102334 0.863301456
0.490791827 0.844462335
0.4965965 0.8828893
0.5102334 0.8892052
0.5102334 0.863301456
0.469403774 0.909626961
0.4935957 0.9073882
0.4878454 0.8955066
0.484003454 0.859497845
0.482819229 0.863094568
0.491493136 0.870406032
0.4727228 0.8951538
0.4740999 0.891531
0.465953022 0.883704066
0.467412144 0.87294203
0.46535 0.872068048
0.465953022 0.883704066
0.482819229 0.863094568
0.472257167 0.863877058
0.473064333 0.865511358
0.485638529 0.8912651
0.492802054 0.8818234
0.490531 0.8814063
0.468091637 0.8829895
0.465953022 0.883704066
0.4740999 0.891531
0.3432766 0.9676767
0.349089 0.9667052
0.34932217 0.9607249
0.370001823 0.9715639
0.370001823 0.9592825
0.3637943 0.9621412
0.44542703 0.8676429
0.448982447 0.8943466
0.461664 0.8856309
0.5102334 0.8892052
0.4965965 0.8828893
0.4878454 0.8955066
0.485638529 0.8912651
0.4878454 0.8955066
0.4965965 0.8828893
0.4740999 0.891531
0.4727228 0.8951538
0.465953022 0.883704066
0.461664 0.8856309
0.465953022 0.883704066
0.461685449 0.870853066
0.46535 0.872068048
0.472257167 0.863877058
0.472257167 0.863877058
0.4703218 0.8600804
0.484003454 0.859497845
0.482819229 0.863094568
0.491493136 0.870406032
0.495613128 0.86819905
0.4965965 0.8828893
0.492802054 0.8818234
0.485638529 0.8912651
0.193554044 0.2820935
0.172420368 0.282979548
0.17285426 0.24240081
0.109946795 0.246227935
0.08885554 0.247639373
0.08726638 0.183455035
0.105796404 0.36101
0.12642169 0.370104849
0.117460854 0.390070558
0.193194628 0.299610376
0.210907951 0.301284462
0.204484329 0.362890571
0.089750886 0.306323558
0.105796404 0.36101
0.0922154859 0.3706027
0.111020446 0.303976685
0.089750886 0.306323558
0.08924632 0.2887081
0.188432559 0.3561489
0.204484329 0.362890571
0.1837809 0.385629147
0.169665679 0.36768654
0.1837809 0.385629147
0.16179429 0.3896168
0.1924676 0.177121177
0.193891138 0.241223723
0.17285426 0.24240081
0.105796404 0.36101
0.089750886 0.306323558
0.111020446 0.303976685
0.12642169 0.370104849
0.131350949 0.302133083
0.105796404 0.36101
0.111020446 0.303976685
0.140766785 0.3699395
0.151495367 0.3008271
0.169665679 0.36768654
0.155410126 0.369223267
0.140766785 0.3699395
0.155410126 0.369223267
0.12642169 0.370104849
0.131350949 0.302133083
0.171908289 0.3000456
0.169665679 0.36768654
0.188432559 0.3561489
0.193194628 0.299610376
0.8743984 0.475602359
0.8717834 0.4800718
0.8673833 0.477761954
0.8717834 0.4800718
0.8701289 0.484787375
0.865396142 0.4833931
0.8701289 0.484787375
0.8693906 0.489567965
0.864470959 0.489087433
0.8693906 0.489567965
0.8695417 0.494297057
0.8644586 0.4947513
0.8644586 0.4947513
0.8695417 0.494297057
0.870239556 0.498944074
0.86548 0.5002786
0.870239556 0.498944074
0.8717711 0.50341785
0.8673476 0.505603552
0.8717711 0.50341785
0.8741145 0.507646561
0.897651553 0.52359724
0.8968222 0.518669963
0.9022395 0.5175456
0.904053569 0.522140145
0.9022395 0.5175456
0.9072481 0.5153034
0.909928143 0.519397
0.9072481 0.5153034
0.9115983 0.512106061
0.9150031 0.5155562
0.9115983 0.512106061
0.915104568 0.508178
0.919059 0.5108714
0.915104568 0.508178
0.9176685 0.5037813
0.921958268 0.50565505
0.9176685 0.5037813
0.9193016 0.4991779
0.9193016 0.4991779
0.920030832 0.494516879
0.9245754 0.4949071
0.920030832 0.494516879
0.919947147 0.489910036
0.9245754 0.489593238
0.919947147 0.489910036
0.9192874 0.485346466
0.923827052 0.484328717
0.9192874 0.485346466
0.917801 0.480909556
0.922174335 0.479110032
0.917801 0.480909556
0.915475249 0.476709038
0.919514537 0.474120945
0.915475249 0.476709038
0.9123141 0.472905248
0.91584146 0.46958527
0.9123141 0.472905248
0.908364654 0.469682246
0.911223233 0.4657295
0.908364654 0.469682246
0.9037253 0.4672298
0.905782938 0.4627656
0.9037253 0.4672298
0.898549139 0.465728
0.8996861 0.460890323
0.9104556 0.4795377
0.9125799 0.4827843
0.8997867 0.4885727
0.9125799 0.4827843
0.9140308 0.486397952
0.9003626 0.489960641
0.88171947 0.507158756
0.8791296 0.5043808
0.8900285 0.496574134
0.9140308 0.486397952
0.9147396 0.490238041
0.9006628 0.491464
0.8791296 0.5043808
0.8771056 0.5011693
0.889323 0.495391816
0.9147291 0.494179517
0.900597036 0.493003517
0.9006628 0.491464
0.8771056 0.5011693
0.87571913 0.497624
0.888816237 0.494058818
0.913930058 0.498091847
0.900230467 0.49448815
0.900597036 0.493003517
0.87571913 0.497624
0.87503016 0.493861049
0.88855195 0.492628783
0.9123447 0.5018065
0.899598956 0.4958444
0.900230467 0.49448815
0.8750179 0.489985973
0.8886132 0.491169721
0.88855195 0.492628783
0.910030842 0.505154252
0.8987647 0.497012824
0.899598956 0.4958444
0.8757654 0.486130148
0.888937354 0.48975572
0.8886132 0.491169721
0.9070888 0.5079768
0.8978037 0.4979544
0.8987647 0.497012824
0.877270341 0.482453436
0.889495 0.4884505
0.888937354 0.48975572
0.9036546 0.5101483
0.8967876 0.498649031
0.8978037 0.4979544
0.8933047 0.47195062
0.897240937 0.472083539
0.8949738 0.484874517
0.8794868 0.479117721
0.8902367 0.487305373
0.889495 0.4884505
0.899885058 0.5115819
0.895764947 0.4990894
0.8967876 0.498649031
0.897240937 0.472083539
0.901043 0.47297433
0.895993352 0.485122055
0.8823313 0.476277977
0.8911036 0.4863567
0.8902367 0.487305373
0.895947 0.512229443
0.8947604 0.4992756
0.895764947 0.4990894
0.901043 0.47297433
0.9045836 0.474557966
0.897026658 0.485621482
0.8856851 0.4740747
0.8920412 0.485627562
0.8911036 0.4863567
0.9045836 0.474557966
0.9077553 0.476768345
0.8980453 0.4863707
0.8893941 0.47262308
0.893007 0.485133141
0.8920412 0.485627562
0.8920079 0.5120826
0.888283968 0.5110228
0.8927823 0.498897225
0.9077553 0.476768345
0.9104556 0.4795377
0.8989901 0.487361938
0.8893941 0.47262308
0.8933047 0.47195062
0.893976 0.48488006
0.888283968 0.5110228
0.8848 0.509407043
0.8918108 0.4983476
0.8848 0.509407043
0.88171947 0.507158756
0.890876651 0.497567624
0.897240937 0.472083539
0.8933047 0.47195062
0.893051445 0.465330154
0.901043 0.47297433
0.897240937 0.472083539
0.898549139 0.465728
0.9045836 0.474557966
0.901043 0.47297433
0.9037253 0.4672298
0.9077553 0.476768345
0.9045836 0.474557966
0.908364654 0.469682246
0.9104556 0.4795377
0.9077553 0.476768345
0.9123141 0.472905248
0.9125799 0.4827843
0.9104556 0.4795377
0.915475249 0.476709038
0.9140308 0.486397952
0.9125799 0.4827843
0.917801 0.480909556
0.9147396 0.490238041
0.9140308 0.486397952
0.9192874 0.485346466
0.920030832 0.494516879
0.9147291 0.494179517
0.9147396 0.490238041
0.9193016 0.4991779
0.913930058 0.498091847
0.9147291 0.494179517
0.9176685 0.5037813
0.9123447 0.5018065
0.913930058 0.498091847
0.915104568 0.508178
0.910030842 0.505154252
0.9123447 0.5018065
0.9115983 0.512106061
0.9070888 0.5079768
0.910030842 0.505154252
0.9072481 0.5153034
0.9036546 0.5101483
0.9070888 0.5079768
0.9022395 0.5175456
0.899885058 0.5115819
0.9036546 0.5101483
0.8968222 0.518669963
0.895947 0.512229443
0.899885058 0.5115819
0.88597 0.5173334
0.888283968 0.5110228
0.8920079 0.5120826
0.8848 0.509407043
0.888283968 0.5110228
0.88597 0.5173334
0.88171947 0.507158756
0.8848 0.509407043
0.8812697 0.514806032
0.8791296 0.5043808
0.88171947 0.507158756
0.8772843 0.511503339
0.8771056 0.5011693
0.8791296 0.5043808
0.8741145 0.507646561
0.87571913 0.497624
0.8771056 0.5011693
0.8717711 0.50341785
0.87503016 0.493861049
0.87571913 0.497624
0.870239556 0.498944074
0.8693906 0.489567965
0.8750179 0.489985973
0.87503016 0.493861049
0.8701289 0.484787375
0.8757654 0.486130148
0.8750179 0.489985973
0.8717834 0.4800718
0.877270341 0.482453436
0.8757654 0.486130148
0.8743984 0.475602359
0.8794868 0.479117721
0.877270341 0.482453436
0.8779716 0.471615165
0.8823313 0.476277977
0.8794868 0.479117721
0.8824172 0.4683729
0.8856851 0.4740747
0.8823313 0.476277977
0.887526035 0.46612218
0.8893941 0.47262308
0.8856851 0.4740747
0.947101355 0.120543659
0.9495612 0.12307322
0.948309541 0.124533176
0.9593403 0.127137423
0.9558072 0.126430809
0.9565984 0.125434279
0.9558072 0.126430809
0.9525119 0.125057876
0.95338285 0.124285996
0.9525119 0.125057876
0.9495612 0.12307322
0.9504005 0.122445345
0.9495612 0.12307322
0.947101355 0.120543659
0.9478531 0.119981945
0.9478531 0.119981945
0.947101355 0.120543659
0.9451345 0.11758703
0.945941448 0.116956413
0.9451345 0.11758703
0.943788767 0.114216387
0.9447111 0.113566816
0.943788767 0.114216387
0.9431186 0.110604763
0.9442212 0.11004287
0.9431186 0.110604763
0.943158269 0.1068871
0.952906 0.101419985
0.9515861 0.103315115
0.946807742 0.100097
0.962874651 0.09709811
0.960692465 0.09717232
0.9605316 0.0916069746
0.9694481 0.123556018
0.966341734 0.118789673
0.9682357 0.117515206
0.9721808 0.121568143
0.9682357 0.117515206
0.9698655 0.115885019
0.950644255 0.105424106
0.9501191 0.1076709
0.9444389 0.106545985
0.9585271 0.0976571441
0.956453145 0.09854084
0.954274535 0.0933061242
0.9745342 0.119133115
0.9698655 0.115885019
0.9711727 0.113976836
0.9501191 0.1076709
0.950035155 0.109974563
0.9442212 0.11004287
0.956453145 0.09854084
0.954548 0.09980327
0.951405048 0.09508169
0.9763436 0.116308928
0.9711727 0.113976836
0.972104669 0.111858666
0.950035155 0.109974563
0.950404346 0.112246454
0.9447111 0.113566816
0.977580965 0.11321336
0.972104669 0.111858666
0.9726287 0.109608948
0.950404346 0.112246454
0.951218843 0.114383042
0.945941448 0.116956413
0.978218853 0.109960377
0.9726287 0.109608948
0.9727238 0.10731
0.951218843 0.114383042
0.9524268 0.116250396
0.9478531 0.119981945
0.978241146 0.106658459
0.9727238 0.10731
0.972383738 0.105044663
0.9478531 0.119981945
0.9524268 0.116250396
0.953938842 0.117830515
0.9504005 0.122445345
0.953938842 0.117830515
0.9557615 0.119050264
0.95338285 0.124285996
0.9557615 0.119050264
0.9577856 0.119851589
0.970419049 0.100979745
0.968853951 0.09938592
0.972372234 0.09531778
0.968853951 0.09938592
0.9670224 0.09820187
0.969718456 0.0935266
0.9670224 0.09820187
0.965006232 0.0974399447
0.9667994 0.09230286
0.963214457 0.125740111
0.962113261 0.1201632
0.9642761 0.119681478
0.954548 0.09980327
0.952906 0.101419985
0.948853731 0.09735745
0.965006232 0.0974399447
0.962874651 0.09709811
0.963709533 0.0916602
0.966426134 0.124949634
0.9642761 0.119681478
0.966341734 0.118789673
0.978241146 0.106658459
0.979220748 0.1060729
0.9793953 0.1095472
0.9776403 0.103415012
0.9784416 0.102785885
0.979220748 0.1060729
0.976419866 0.100352108
0.977122247 0.09977144
0.9784416 0.102785885
0.974640846 0.09761655
0.9753175 0.09711832
0.977122247 0.09977144
0.973142564 0.09478998
0.9753175 0.09711832
0.974640846 0.09761655
0.9705499 0.09287989
0.973142564 0.09478998
0.972372234 0.09531778
0.9676006 0.09144038
0.9705499 0.09287989
0.969718456 0.0935266
0.948853731 0.09735745
0.947645545 0.0965490341
0.950460553 0.0938879251
0.9643438 0.09054905
0.9676006 0.09144038
0.9667994 0.09230286
0.9608624 0.09029442
0.9643438 0.09054905
0.963709533 0.0916602
0.9784416 0.102785885
0.977122247 0.09977144
0.978645 0.09893787
0.9495612 0.12307322
0.9525119 0.125057876
0.951555252 0.126732349
0.977122247 0.09977144
0.9753175 0.09711832
0.9766779 0.09602028
0.9525119 0.125057876
0.9558072 0.126430809
0.9551825 0.128245711
0.9492278 0.0924328
0.950460553 0.0938879251
0.947645545 0.0965490341
0.946132839 0.09538436
0.947645545 0.0965490341
0.9454396 0.09970033
0.943736434 0.0988675952
0.9454396 0.09970033
0.9439318 0.103200912
0.9732239 0.122665882
0.975790262 0.119815588
0.9772434 0.1210106
0.942103863 0.102713943
0.9439318 0.103200912
0.943158269 0.1068871
0.9567658 0.08895886
0.957283 0.09074992
0.953763 0.09195453
0.975790262 0.119815588
0.9777013 0.116574764
0.9793384 0.11742878
0.941267669 0.106751144
0.943158269 0.1068871
0.9431186 0.110604763
0.9528759 0.09028095
0.953763 0.09195453
0.950460553 0.0938879251
0.9777013 0.116574764
0.9789023 0.1130963
0.9806508 0.113594651
0.941224 0.110819459
0.9431186 0.110604763
0.943788767 0.114216387
0.9789023 0.1130963
0.9793953 0.1095472
0.981183648 0.109687448
0.9419534 0.114779651
0.943788767 0.114216387
0.9451345 0.11758703
0.9793953 0.1095472
0.979220748 0.1060729
0.9809823 0.105864942
0.9434384 0.118483365
0.9451345 0.11758703
0.947101355 0.120543659
0.979220748 0.1060729
0.9784416 0.102785885
0.9801134 0.10224843
0.8993803 0.679511547
0.9027194 0.6801661
0.902981043 0.682443
0.911511242 0.6780586
0.907376349 0.680245638
0.9058368 0.6787023
0.9056435 0.679719567
0.906569 0.68062973
0.9061687 0.6808456
0.906506538 0.674739063
0.9058368 0.6787023
0.903900146 0.6787395
0.901703358 0.6758122
0.903900146 0.6787395
0.9027194 0.6801661
0.9078395 0.6822927
0.907376349 0.680245638
0.911511242 0.6780586
0.902981043 0.682443
0.9048146 0.683978558
0.903513 0.6871678
0.9048146 0.683978558
0.9067944 0.6838099
0.9080826 0.6872743
0.9037186 0.680651665
0.903854549 0.6820259
0.902981043 0.682443
0.9044813 0.6797814
0.9027194 0.6801661
0.902981043 0.682443
0.903900146 0.6787395
0.9058368 0.6787023
0.903854549 0.6820259
0.9049624 0.6829122
0.9048146 0.683978558
0.9061595 0.6828038
0.9067944 0.6838099
0.9078395 0.6822927
0.9068237 0.681890249
0.907376349 0.680245638
0.9056435 0.679719567
0.9044813 0.6797814
0.907376349 0.680245638
0.906569 0.68062973
0.9068237 0.681890249
0.9037186 0.680651665
0.9044813 0.6797814
0.904673338 0.68023926
0.9063316 0.681807935
0.9068237 0.681890249
0.9061595 0.6828038
0.905102 0.6823921
0.9049624 0.6829122
0.903854549 0.6820259
0.9061687 0.6808456
0.906569 0.68062973
0.9068237 0.681890249
0.9058845 0.682392836
0.9061595 0.6828038
0.9049624 0.6829122
0.903854549 0.6820259
0.9037186 0.680651665
0.9042233 0.680838168
0.932861269 0.914837062
0.932566166 0.899843037
0.939562559 0.9252385
0.210176036 0.476026237
0.210176036 0.494594872
0.203298077 0.486486733
0.210907936 0.44504565
0.203298077 0.43186295
0.210907936 0.422077775
0.5357366 0.4602967
0.536932945 0.519184053
0.457466245 0.5204213
0.5345696 0.6428782
0.445427 0.645727038
0.454465359 0.5852194
0.3584699 0.7190614
0.357768655 0.6792693
0.363626719 0.6852986
0.4002425 0.727207839
0.394957364 0.7205216
0.389531016 0.6766378
0.3584699 0.7190614
0.394957364 0.7205216
0.4002425 0.727207839
0.3835253 0.6861977
0.389531016 0.6766378
0.394957364 0.7205216
0.394957364 0.7205216
0.3584699 0.7190614
0.3667916 0.7114248
0.363626719 0.6852986
0.357768655 0.6792693
0.389531016 0.6766378
0.40098238 0.9620474
0.406363666 0.95143944
0.4109649 0.9620474
0.960157 0.525059462
0.9655383 0.53566736
0.9555559 0.5356673
0.0423480272 0.637756646
0.0318313837 0.658263147
0.01558733 0.6463192
0.0318313837 0.658263147
0.0423480272 0.637756646
0.04984343 0.6581859
0.0423480272 0.637756646
0.0554502 0.612349451
0.0630102754 0.634496331
0.0423480272 0.637756646
0.0630102754 0.634496331
0.06059283 0.6499517
0.0423480272 0.637756646
0.06059283 0.6499517
0.04984343 0.6581859
0.0318313837 0.658263147
0.04984343 0.6581859
0.0421987772 0.680429339
0.01558733 0.6463192
0.0318313837 0.658263147
0.0154902935 0.674481452
0.0630102754 0.634496331
0.0554502 0.612349451
0.08261293 0.620065868
0.06059283 0.6499517
0.0630102754 0.634496331
0.0820124745 0.6493357
0.04984343 0.6581859
0.06059283 0.6499517
0.0686562061 0.6704242
0.0318313837 0.658263147
0.0421987772 0.680429339
0.0154902935 0.674481452
0.04601258 0.7370503
0.0400270224 0.707968
0.06482363 0.714874864
0.0630102754 0.634496331
0.08261293 0.620065868
0.0820124745 0.6493357
0.06059283 0.6499517
0.0820124745 0.6493357
0.0686562061 0.6704242
0.04984343 0.6581859
0.0686562061 0.6704242
0.0421987772 0.680429339
0.0400270224 0.707968
0.0421987772 0.680429339
0.05922687 0.6926145
0.06482363 0.714874864
0.0400270224 0.707968
0.05922687 0.6926145
0.08261293 0.691348433
0.06482363 0.714874864
0.05922687 0.6926145
0.0686562061 0.6704242
0.08261293 0.691348433
0.05922687 0.6926145
0.0421987772 0.680429339
0.0686562061 0.6704242
0.05922687 0.6926145
0.8347914 0.166470468
0.8266024 0.1816363
0.8015458 0.157479733
0.8347914 0.146391809
0.8347914 0.166470468
0.8018099 0.156451344
0.823029 0.127276391
0.8347914 0.146391809
0.8014991 0.155317366
0.823029 0.127276391
0.8006788 0.15439719
0.799666464 0.153742731
0.8024622 0.119547993
0.799666464 0.153742731
0.798525751 0.153660774
0.7838637 0.122726321
0.798525751 0.153660774
0.797591269 0.1541501
0.77083534 0.132583916
0.797591269 0.1541501
0.7971183 0.155197233
0.76379323 0.166508526
0.7637966 0.147382677
0.7971183 0.155197233
0.775137961 0.1849885
0.76379323 0.166508526
0.797367156 0.156480342
0.775137961 0.1849885
0.7982677 0.157533139
0.7994339 0.158222914
0.812985361 0.190866232
0.7948472 0.192625135
0.7994339 0.158222914
0.8266024 0.1816363
0.812985361 0.190866232
0.8007039 0.158125877
0.82660234 0.0775786042
0.8129854 0.08680844
0.8007039 0.0540681481
0.8129854 0.08680844
0.7948473 0.0885674357
0.7994339 0.0541651845
0.7994339 0.0541651845
0.7948473 0.0885674357
0.775138 0.08093071
0.775138 0.08093071
0.76379323 0.0624507666
0.7973671 0.0524226427
0.76379323 0.0624507666
0.7637966 0.043325007
0.7971183 0.0511394739
0.7971183 0.0511394739
0.7637966 0.043325007
0.77083534 0.0285262465
0.7975912 0.0500924
0.77083534 0.0285262465
0.7838637 0.018668592
0.798525751 0.049603045
0.7838637 0.018668592
0.8024621 0.0154902935
0.7996664 0.049685
0.8024621 0.0154902935
0.823029041 0.0232186913
0.823029041 0.0232186913
0.8347914 0.04233402
0.8014991 0.0512596965
0.8347914 0.04233402
0.8347914 0.0624128
0.8018099 0.0523936749
0.8347914 0.0624128
0.82660234 0.0775786042
0.801545858 0.0534220338
0.7723856 0.692698658
0.7748911 0.694560945
0.772151947 0.6989853
0.7705208 0.6895918
0.7723856 0.692698658
0.7680775 0.6960655
0.769989431 0.6854669
0.7705208 0.6895918
0.765060365 0.6911435
0.771315634 0.6812818
0.769989431 0.6854669
0.7644955 0.684605658
0.771315634 0.6812818
0.767095745 0.678544939
0.7715275 0.6746285
0.7742453 0.678304732
0.7715275 0.6746285
0.776163161 0.6732426
0.777256548 0.6774046
0.776163161 0.6732426
0.7799625 0.673371434
0.7798769 0.677353561
0.7799625 0.673371434
0.783148944 0.6742157
0.7859688 0.6813228
0.789704859 0.6784252
0.792533457 0.683384836
0.7873794 0.6843752
0.792533457 0.683384836
0.7926216 0.690538466
0.7846442 0.6923706
0.786901 0.688634
0.7926216 0.690538466
0.7812342 0.6945837
0.7846442 0.6923706
0.7886892 0.6969724
0.7778492 0.695182145
0.7812342 0.6945837
0.7825933 0.700285256
0.7748911 0.694560945
0.7778492 0.695182145
0.776860535 0.700539947
0.779126763 0.683846533
0.77909 0.68359375
0.779399633 0.6836178
0.7621611 0.6910142
0.762234449 0.683676
0.7644955 0.684605658
0.762234449 0.683676
0.7654127 0.677421153
0.767095745 0.678544939
0.767095745 0.678544939
0.7654127 0.677421153
0.7700349 0.6731427
0.7715275 0.6746285
0.7700349 0.6731427
0.7751755 0.671317
0.776163161 0.6732426
0.7751755 0.671317
0.779798031 0.6710821
0.78410244 0.671773851
0.7880907 0.6740479
0.786335766 0.6756642
0.7880907 0.6740479
0.791907966 0.6775984
0.789704859 0.6784252
0.7886892 0.6969724
0.7912037 0.698412836
0.784521043 0.702938557
0.7825933 0.700285256
0.784521043 0.702938557
0.77717 0.704174638
0.9823878 0.8498969
0.9845097 0.850185335
0.983575463 0.8532075
0.970739841 0.84570384
0.972017169 0.842533648
0.9739073 0.8438903
0.982444 0.847251952
0.984476447 0.846971035
0.9845097 0.850185335
0.970543146 0.849368155
0.970739841 0.84570384
0.9730358 0.846264
0.9836232 0.843887746
0.984476447 0.846971035
0.982444 0.847251952
0.97379446 0.851588964
0.971758246 0.8528137
0.970543146 0.849368155
0.9818936 0.8413052
0.9836232 0.843887746
0.981658 0.8447524
0.9752522 0.853549957
0.973878145 0.8554334
0.971758246 0.8528137
0.9795209 0.8396648
0.9818936 0.8413052
0.9802829 0.842784941
0.9768168 0.839262962
0.9795209 0.8396648
0.9786088 0.841644645
0.980277359 0.8539551
0.9817811 0.8555526
0.979361057 0.8568639
0.9786819 0.854785
0.979361057 0.8568639
0.976575255 0.8568639
0.974161565 0.840259135
0.9768168 0.839262962
0.976891637 0.8414563
0.9816038 0.8522575
0.983575463 0.8532075
0.9817811 0.8555526
0.7813901 0.6797195
0.7793429 0.679133058
0.7798769 0.677353561
0.7873794 0.6843752
0.7859827 0.684788764
0.7848603 0.6825627
0.7757773 0.692389548
0.778287351 0.69300133
0.7778492 0.695182145
0.7793989 0.6838055
0.779399633 0.6836178
0.7796013 0.683670461
0.7836563 0.6908189
0.781056 0.692525268
0.7798002 0.688699841
0.780884564 0.6879624
0.7792708 0.687144339
0.7795744 0.683817446
0.7796013 0.683670461
0.7797511 0.683734536
0.781056 0.692525268
0.778287351 0.69300133
0.7786374 0.6889207
0.7798002 0.688699841
0.7787517 0.687296033
0.7757773 0.692389548
0.7736209 0.69089067
0.7766319 0.688114
0.777572036 0.688713431
0.7778554 0.6869632
0.778287351 0.69300133
0.7757773 0.692389548
0.777572036 0.688713431
0.782689333 0.681440353
0.7841157 0.6829093
0.780403554 0.683583438
0.7736209 0.69089067
0.7721271 0.688420355
0.7759178 0.687076032
0.7766319 0.688114
0.77752775 0.6864598
0.7721271 0.688420355
0.7717309 0.685290933
0.7756794 0.6856892
0.7759178 0.687076032
0.7774051 0.685765147
0.7801271 0.6861464
0.7815107 0.684969962
0.781576633 0.6868011
0.7717309 0.685290933
0.772707 0.682152152
0.7760874 0.6843069
0.7841157 0.6829093
0.785176158 0.684544146
0.7807958 0.683799148
0.7756794 0.6856892
0.7760874 0.6843069
0.777589738 0.6850149
0.781576633 0.6868011
0.785176158 0.684544146
0.7854365 0.6880554
0.778089345 0.6836848
0.775468946 0.680127263
0.77903825 0.6829958
0.77903825 0.6829958
0.775468946 0.680127263
0.7773372 0.6799005
0.779698431 0.6832846
0.779331565 0.6799882
0.7810986 0.6804768
0.7786374 0.6889207
0.777572036 0.688713431
0.778277338 0.6872365
0.7810986 0.6804768
0.782689333 0.681440353
0.780117035 0.683469951
0.7795744 0.683817446
0.7797023 0.683862
0.7796551 0.683966
0.777877152 0.6862141
0.77752775 0.6864598
0.7774051 0.685765147
0.7778133 0.6856759
0.7774051 0.685765147
0.777589738 0.6850149
0.779884636 0.6844674
0.780079544 0.6843616
0.7801271 0.6861464
0.777589738 0.6850149
0.779126763 0.683846533
0.7791662 0.6840699
0.7801271 0.6861464
0.7797695 0.6867528
0.779572 0.686427951
0.779126763 0.683846533
0.7793989 0.6838055
0.7793783 0.683963537
0.7793989 0.6838055
0.7795744 0.683817446
0.7795367 0.683935344
0.77903825 0.6829958
0.77909 0.68359375
0.778089345 0.6836848
0.78032124 0.684195638
0.7807958 0.683799148
0.7815107 0.684969962
0.77909 0.68359375
0.77903825 0.6829958
0.7794434 0.683151
0.779399633 0.6836178
0.7794434 0.683151
0.779698431 0.6832846
0.7796013 0.683670461
0.779698431 0.6832846
0.7799008 0.6833865
0.7799008 0.6833865
0.780117035 0.683469951
0.77990067 0.6838154
0.780403554 0.683583438
0.7807958 0.683799148
0.78032124 0.684195638
0.779126763 0.683846533
0.778089345 0.6836848
0.77909 0.68359375
0.775468946 0.680127263
0.7747576 0.6796613
0.7770642 0.6790825
0.7848603 0.6825627
0.7859827 0.684788764
0.785176158 0.684544146
0.783246636 0.6808286
0.7848603 0.6825627
0.7841157 0.6829093
0.0282081366 0.9699763
0.0311598778 0.9706024
0.0301556 0.975959659
0.0311598778 0.9706024
0.0345414281 0.9700123
0.0358838439 0.975724
0.0345414281 0.9700123
0.03795266 0.9678131
0.0419884324 0.9724341
0.03795266 0.9678131
0.0402171 0.964093268
0.0459367633 0.96601063
0.0459367633 0.96601063
0.0402171 0.964093268
0.0407038331 0.959831238
0.0458472371 0.9588422
0.0407038331 0.959831238
0.0392890573 0.9567574
0.0364893675 0.949650466
0.0354352 0.9533435
0.0331911445 0.952777267
0.0333164334 0.9487898
0.0331911445 0.952777267
0.0305870175 0.952829063
0.0295224786 0.9486389
0.0305870175 0.952829063
0.0275933743 0.9537161
0.0248690248 0.950009465
0.0275933743 0.9537161
0.0246472955 0.9566991
0.0246472955 0.9566991
0.02331692 0.960888445
0.0178173184 0.960017443
0.02331692 0.960888445
0.0238492489 0.9650111
0.018386066 0.966549635
0.299619049 0.96265763
0.3019918 0.96429795
0.300381064 0.9657778
0.0238492489 0.9650111
0.0257098675 0.968114138
0.02139616 0.971469
0.0257098675 0.968114138
0.0282081366 0.9699763
0.02545911 0.9743958
0.0304532647 0.9795912
0.0301556 0.975959659
0.0358838439 0.975724
0.0378015637 0.978381634
0.0358838439 0.975724
0.0419884324 0.9724341
0.0444984436 0.9738817
0.0419884324 0.9724341
0.0459367633 0.96601063
0.0414155126 0.949505
0.04521936 0.9530527
0.043018043 0.953876257
0.03745395 0.9472222
0.0414155126 0.949505
0.0396603346 0.951111436
0.0331673026 0.9465035
0.0333164334 0.9487898
0.0295224786 0.9486389
0.0285429955 0.9467045
0.0295224786 0.9486389
0.0248690248 0.950009465
0.0233713984 0.948512852
0.0248690248 0.950009465
0.0204156041 0.9539449
0.0155538321 0.9590887
0.01872474 0.9528171
0.0204156041 0.9539449
0.0154902935 0.96642
0.0155538321 0.9590887
0.0178173184 0.960017443
0.2918564 0.975806534
0.2938926 0.9745818
0.295350373 0.9765428
0.3019918 0.96429795
0.3037213 0.96688056
0.3017561 0.9677452
0.2906413 0.9723609
0.2931106 0.971992731
0.2938926 0.9745818
0.3037213 0.96688056
0.3045746 0.969963849
0.30254212 0.9702447
0.2906413 0.9723609
0.290837973 0.9686966
0.293133885 0.9692568
0.304607838 0.9731782
0.3024859 0.9728897
0.30254212 0.9702447
0.290837973 0.9686966
0.2921153 0.965526462
0.294005454 0.9668831
0.303673565 0.976200342
0.3017019 0.9752503
0.3024859 0.9728897
0.3018793 0.978545368
0.300375521 0.9769479
0.3017019 0.9752503
0.294259727 0.963251948
0.2969149 0.9622557
0.296989739 0.964449167
0.296673417 0.9798568
0.297059476 0.977635443
0.298780054 0.977777839
0.2994592 0.9798568
0.298780054 0.977777839
0.300375521 0.9769479
0.2969149 0.9622557
0.299619049 0.96265763
0.2987069 0.964637458
0.0290967226 0.967808843
0.0316019654 0.968424559
0.0311598778 0.9706024
0.03929609 0.960253835
0.0407038331 0.959831238
0.0402171 0.964093268
0.0347002149 0.955135643
0.0326604247 0.954547942
0.0331911445 0.952777267
0.0280994773 0.955058634
0.0260356069 0.9575713
0.0246472955 0.9566991
0.025062263 0.9607128
0.0246472955 0.9566991
0.0280994773 0.955058634
0.0275933743 0.9537161
0.0326331258 0.95899874
0.0326304436 0.9591904
0.03234601 0.959237158
0.025062263 0.9607128
0.0260356069 0.9575713
0.0294361115 0.9597526
0.0254555941 0.9638414
0.025062263 0.9607128
0.0290154219 0.961123765
0.029245317 0.9625064
0.0307221413 0.961200655
0.0269448757 0.9663102
0.0254555941 0.9638414
0.029245317 0.9625064
0.029955864 0.96354413
0.0308480263 0.9618904
0.0329859257 0.95911926
0.03293705 0.9592459
0.03280884 0.9592019
0.0316019654 0.968424559
0.0290967226 0.967808843
0.0308960676 0.96414423
0.0290967226 0.967808843
0.0269448757 0.9663102
0.029955864 0.96354413
0.0308960676 0.96414423
0.0311769247 0.96239084
0.0343688726 0.96795696
0.0316019654 0.968424559
0.0319635868 0.964351654
0.0331310034 0.964130044
0.03207493 0.9627206
0.0328363776 0.959054
0.03280884 0.9592019
0.0326304436 0.9591904
0.03697318 0.966262758
0.0343688726 0.96795696
0.0331310034 0.964130044
0.0342241526 0.9633894
0.0325956941 0.962565
0.0309222341 0.9585709
0.03234601 0.959237158
0.0308944583 0.9604592
0.0306704044 0.955310941
0.0326803923 0.9585288
0.0322808623 0.958374
0.0309222341 0.9585709
0.028814137 0.95552063
0.0322808623 0.958374
0.03848815 0.9600091
0.03493309 0.962222636
0.0341092348 0.9603728
0.0290154219 0.961123765
0.0294361115 0.9597526
0.0308944583 0.9604592
0.03741777 0.958355069
0.03848815 0.9600091
0.03401804 0.9592018
0.0359910131 0.9568634
0.03741777 0.958355069
0.03363383 0.958976448
0.03440702 0.955889046
0.0359910131 0.9568634
0.0333511829 0.958859444
0.0319635868 0.964351654
0.0308960676 0.96414423
0.0315990448 0.9626625
0.03440702 0.955889046
0.0331394672 0.958773732
0.0329390764 0.958667755
0.03280884 0.9592019
0.03293705 0.9592459
0.0328907967 0.9593498
0.0326304436 0.9591904
0.03280884 0.9592019
0.0327715874 0.959321
0.03234601 0.959237158
0.0326304436 0.9591904
0.032610476 0.9593519
0.03345591 0.9615464
0.0330956578 0.962166846
0.03289354 0.961840034
0.0308944583 0.9604592
0.03234601 0.959237158
0.0323965549 0.9594615
0.03345591 0.9615464
0.0331409574 0.9613686
0.0331228375 0.9598367
0.0308944583 0.9604592
0.03126514 0.9605741
0.0311253071 0.9611073
0.03330785 0.959722042
0.0331228375 0.9598367
0.0330644846 0.9595932
0.0307221413 0.961200655
0.0311253071 0.9611073
0.0311945677 0.961643934
0.03401804 0.9592018
0.0341092348 0.9603728
0.0335350037 0.9595802
0.0323216319 0.9589643
0.0309222341 0.9585709
0.0322808623 0.958374
0.03363383 0.958976448
0.03401804 0.9592018
0.0335350037 0.9595802
0.0331394672 0.958773732
0.0333511829 0.958859444
0.0331333876 0.9592001
0.0331394672 0.958773732
0.0329859257 0.95911926
0.0328363776 0.959054
0.0329390764 0.958667755
0.0328363776 0.959054
0.0326331258 0.95899874
0.0326803923 0.9585288
0.0326331258 0.95899874
0.0323216319 0.9589643
0.0341092348 0.9603728
0.03345591 0.9615464
0.03330785 0.959722042
0.0365549922 0.9562559
0.0381739736 0.9580057
0.03741777 0.958355069
0.0381739736 0.9580057
0.03929609 0.960253835
0.03848815 0.9600091
0.03039956 0.954492152
0.0306704044 0.955310941
0.028814137 0.95552063
0.586488 0.922808468
0.588302255 0.9219755
0.588632 0.9232974
0.596271753 0.929338455
0.597391844 0.9239199
0.6043116 0.925162256
0.596271753 0.929338455
0.601981759 0.9336103
0.598855138 0.9369523
0.5938238 0.9320063
0.598855138 0.9369523
0.592474341 0.9378159
0.589416862 0.93337363
0.592474341 0.9378159
0.585312963 0.938482761
0.5843272 0.9335535
0.585312963 0.938482761
0.5792229 0.937981546
0.5802798 0.9324121
0.5792229 0.937981546
0.5722523 0.932696342
0.5765046 0.929159164
0.5722523 0.932696342
0.570045233 0.927823365
0.5752319 0.9260334
0.570045233 0.927823365
0.569674 0.923031449
0.575172663 0.9231121
0.569674 0.923031449
0.570276558 0.9192631
0.578642845 0.923237264
0.575758457 0.9206046
0.5797272 0.9232657
0.5790888 0.9216199
0.575758457 0.9206046
0.570276558 0.9192631
0.5728251 0.9136921
0.5805112 0.915039361
0.5774628 0.917624652
0.5728251 0.9136921
0.581850648 0.918480158
0.5801345 0.9199614
0.5822836 0.919564962
0.589301467 0.9142717
0.584758043 0.9137505
0.586042643 0.907753646
0.5981561 0.957998633
0.592474341 0.9378159
0.6019999 0.9541297
0.6043116 0.948005736
0.592474341 0.9378159
0.6023072 0.93977
0.598855138 0.9369523
0.5933335 0.916411757
0.589301467 0.9142717
0.593301654 0.909411967
0.595994234 0.9195602
0.5933335 0.916411757
0.5991682 0.913446963
0.5862042 0.9222974
0.587441444 0.9208336
0.588302255 0.9219755
0.585713148 0.9218877
0.5861205 0.920083761
0.587441444 0.9208336
0.5850091 0.9216706
0.584561944 0.919918239
0.5861205 0.920083761
0.584300041 0.9217205
0.5831089 0.9203237
0.584561944 0.919918239
0.58367753 0.9220559
0.5819719 0.9211451
0.5831089 0.9203237
0.583239555 0.9225773
0.5812243 0.9221586
0.5819719 0.9211451
0.5801177 0.921977341
0.580960751 0.9207216
0.5830425 0.9232079
0.5808803 0.923254848
0.5812243 0.9221586
0.5797272 0.9232657
0.5801177 0.921977341
0.5831131 0.9238766
0.580964446 0.9244107
0.5808803 0.923254848
0.5797651 0.9246241
0.5797272 0.9232657
0.58156085 0.9255804
0.580964446 0.9244107
0.5831131 0.9238766
0.580402255 0.9261101
0.5797651 0.9246241
0.582720041 0.9265654
0.58156085 0.9255804
0.5834925 0.924483
0.58177793 0.927464962
0.580402255 0.9261101
0.584324241 0.9270732
0.582720041 0.9265654
0.5841317 0.9249061
0.5860399 0.9268965
0.584324241 0.9270732
0.584910035 0.9250247
0.5875224 0.926023
0.5860399 0.9268965
0.5856335 0.9248694
0.5884081 0.9247087
0.5875224 0.926023
0.5861871 0.924448669
0.5884081 0.9247087
0.588632 0.9232974
0.5901644 0.9232363
0.586497068 0.923903465
0.5865705 0.9233472
0.58563447 0.923419237
0.5856621 0.923208237
0.5865705 0.9233472
0.585484 0.9236252
0.58563447 0.923419237
0.586497068 0.923903465
0.5852134 0.923785567
0.585484 0.9236252
0.5861871 0.924448669
0.5852134 0.923785567
0.5856335 0.9248694
0.584910035 0.9250247
0.584887743 0.923856
0.584910035 0.9250247
0.5841317 0.9249061
0.5845541 0.923785031
0.5841317 0.9249061
0.5834925 0.924483
0.58428967 0.923612654
0.5834925 0.924483
0.5831131 0.9238766
0.5841402 0.9233979
0.5831131 0.9238766
0.5830425 0.9232079
0.584114432 0.9231864
0.5830425 0.9232079
0.583239555 0.9225773
0.58420074 0.9229986
0.583239555 0.9225773
0.58367753 0.9220559
0.5843785 0.922836065
0.58367753 0.9220559
0.584300041 0.9217205
0.5852119 0.9227206
0.5849259 0.9226739
0.5850091 0.9216706
0.5854391 0.9228448
0.5852119 0.9227206
0.585713148 0.9218877
0.5855912 0.923012853
0.5854391 0.9228448
0.5862042 0.9222974
0.5856621 0.923208237
0.5855912 0.923012853
0.586488 0.922808468
0.597391844 0.9239199
0.595994234 0.9195602
0.6026149 0.9183452
0.9483434 0.3843164
0.9487395 0.3829094
0.9505787 0.3840379
0.932923436 0.3837942
0.9397899 0.383728445
0.940338135 0.389117718
0.940338135 0.389117718
0.9424512 0.391895145
0.9367929 0.3958602
0.945310831 0.3869046
0.946866 0.389072418
0.947175264 0.386179149
0.948471 0.388017237
0.9424512 0.391895145
0.9466353 0.393687963
0.9430058 0.3975692
0.9466353 0.393687963
0.951686263 0.394441068
0.95013833 0.39919287
0.951686263 0.394441068
0.9558878 0.393684149
0.9565399 0.399393618
0.9558878 0.393684149
0.95999074 0.390640974
0.964355469 0.3942698
0.95999074 0.390640974
0.9615848 0.3875363
0.96722734 0.389062375
0.96722734 0.389062375
0.9615848 0.3875363
0.961922765 0.3846239
0.967479765 0.384027719
0.961922765 0.3846239
0.961479 0.3821538
0.9666876 0.380406678
0.961479 0.3821538
0.960072 0.3791819
0.9582028 0.383175015
0.9574057 0.381432027
0.9571836 0.383512676
0.956554055 0.382163376
0.9641619 0.375507027
0.960072 0.3791819
0.957352042 0.376476824
0.9574057 0.381432027
0.9558459 0.379796863
0.955334842 0.380880356
0.9594191 0.37123552
0.957352042 0.376476824
0.953365 0.3748212
0.9558459 0.379796863
0.953515768 0.3786947
0.94569397 0.369635373
0.9488384 0.3748369
0.94457984 0.37653625
0.9394543 0.372729242
0.94457984 0.37653625
0.94159615 0.3794815
0.9487395 0.3829094
0.949758649 0.381704032
0.9509078 0.3834852
0.949758649 0.381704032
0.9512768 0.381001264
0.951484144 0.383059621
0.9512768 0.381001264
0.952986658 0.3809791
0.952280343 0.3828962
0.952986658 0.3809791
0.9544744 0.381566733
0.953008354 0.383036137
0.9544744 0.381566733
0.95554477 0.382534564
0.953608453 0.383441269
0.955334842 0.380880356
0.956554055 0.382163376
0.95554477 0.382534564
0.956140757 0.383645028
0.9539813 0.3840175
0.956554055 0.382163376
0.9571836 0.383512676
0.956140757 0.383645028
0.9562939 0.3847828
0.9540941 0.384677023
0.9571836 0.383512676
0.957351744 0.384812832
0.956020355 0.385937333
0.9539132 0.38534838
0.9540941 0.384677023
0.955262065 0.387056
0.9534348 0.385891467
0.9539132 0.38534838
0.953995049 0.387928873
0.9527563 0.386220932
0.9534348 0.385891467
0.95236814 0.388287961
0.952005744 0.3862584
0.9527563 0.386220932
0.9507086 0.387969732
0.9513393 0.386036158
0.952005744 0.3862584
0.9493426 0.387039721
0.9508651 0.385633349
0.9513393 0.386036158
0.948471 0.388017237
0.9507086 0.387969732
0.9504796 0.389157146
0.9485467 0.3857398
0.9505998 0.385133952
0.9508651 0.385633349
0.9485467 0.3857398
0.9493426 0.387039721
0.947175264 0.386179149
0.9483434 0.3843164
0.9485467 0.3857398
0.947175264 0.386179149
0.950488031 0.384604871
0.951419 0.3845538
0.951436341 0.384762615
0.9505998 0.385133952
0.951436341 0.384762615
0.9515664 0.3849607
0.9508651 0.385633349
0.9515664 0.3849607
0.9518117 0.385116339
0.9518117 0.385116339
0.9521232 0.38519004
0.952005744 0.3862584
0.95245 0.3851483
0.9527252 0.3850112
0.9534348 0.385891467
0.9527252 0.3850112
0.95290947 0.3848244
0.9539132 0.38534838
0.9539132 0.38534838
0.95290947 0.3848244
0.9529938 0.384636879
0.9540941 0.384677023
0.9529938 0.384636879
0.9529675 0.384432584
0.9539813 0.3840175
0.9529675 0.384432584
0.9528234 0.384227335
0.953608453 0.383441269
0.9528234 0.384227335
0.9525724 0.384059429
0.953008354 0.383036137
0.9525724 0.384059429
0.952252746 0.383978873
0.952986658 0.3809791
0.952280343 0.3828962
0.952252746 0.383978873
0.951931536 0.3840452
0.951484144 0.383059621
0.951484144 0.383059621
0.951931536 0.3840452
0.951671243 0.384171247
0.9509078 0.3834852
0.951671243 0.384171247
0.9514988 0.384351224
0.9505787 0.3840379
0.9514988 0.384351224
0.951419 0.3845538
0.9354302 0.377199918
0.94159615 0.3794815
0.9397899 0.383728445
0.378371179 0.143012181
0.35294807 0.174809933
0.3634084 0.191639915
0.299587667 0.240702733
0.312528 0.213314563
0.2689132 0.170547247
0.378371179 0.143012181
0.395620048 0.1491804
0.397378325 0.0953227654
0.379168928 0.101768896
0.397378325 0.0953227654
0.3630334 0.06263686
0.436373174 0.164706811
0.4071889 0.154016048
0.3691008 0.2065667
0.324254036 0.0832367241
0.316255629 0.0637870654
0.2796582 0.10528902
0.241888508 0.180223554
0.2689132 0.170547247
0.2676192 0.1003298
0.35294807 0.174809933
0.322703063 0.176673576
0.317772865 0.195396379
0.296336 0.0237130467
0.243167952 0.09175729
0.2676192 0.1003298
0.322703063 0.176673576
0.30105406 0.152757689
0.282114685 0.16222994
0.37626493 0.0154902693
0.296336 0.0237130467
0.311233938 0.04830429
0.30105406 0.152757689
0.301688015 0.113166578
0.2796582 0.10528902
0.436373174 0.07401615
0.37626493 0.0154902693
0.368801832 0.044862248
0.436373174 0.164706811
0.436373174 0.07401615
0.410403371 0.08765832
0.614463568 0.566569269
0.5969602 0.5752146
0.593972564 0.561606169
0.6267612 0.5838354
0.612069249 0.6030108
0.602880836 0.589109
0.604408264 0.512373
0.6135892 0.504629135
0.6213094 0.5189399
0.637800932 0.5922169
0.6245988 0.616477
0.612069249 0.6030108
0.6196692 0.62579304
0.606039762 0.610851347
0.6245988 0.616477
0.612069249 0.6030108
0.5995457 0.523253262
0.604408264 0.512373
0.6184628 0.526251733
0.5957229 0.53560245
0.5995457 0.523253262
0.6151981 0.5322436
0.6667866 0.60546726
0.6573217 0.6405192
0.640127957 0.629100263
0.5936678 0.548408449
0.5957229 0.53560245
0.612031 0.5411714
0.648904264 0.481777579
0.663440943 0.482531458
0.6655203 0.51409924
0.593972564 0.561606169
0.5936678 0.548408449
0.6110985 0.5497184
0.626587749 0.5086279
0.6329925 0.5101311
0.6275559 0.5107938
0.62299484 0.544097245
0.62294 0.5384805
0.6302755 0.5449036
0.6398912 0.5478245
0.6473063 0.555116057
0.6383768 0.5512226
0.6473063 0.555116057
0.6511513 0.5736499
0.6444823 0.572905064
0.632510066 0.557239056
0.628504634 0.5650348
0.6245461 0.559990048
0.62420094 0.5347346
0.6667866 0.5259197
0.659784436 0.5463964
0.659784436 0.5463964
0.666207731 0.5824339
0.6511513 0.5736499
0.6360905 0.558603168
0.6348554 0.569545746
0.628504634 0.5650348
0.6218903 0.5494252
0.62299484 0.544097245
0.628904343 0.5472841
0.628811359 0.5525222
0.6224417 0.5547447
0.6218903 0.5494252
0.6409726 0.5584166
0.6444823 0.572905064
0.6348554 0.569545746
0.637128949 0.55233705
0.637936 0.5498162
0.6383768 0.5512226
0.633079052 0.551815569
0.634022832 0.5475413
0.6321238 0.549637735
0.628489852 0.549879968
0.628904343 0.5472841
0.6342047 0.5525443
0.632510066 0.557239056
0.6301226 0.5550694
0.635627449 0.5527672
0.6360905 0.558603168
0.632510066 0.557239056
0.637128949 0.55233705
0.6409726 0.5584166
0.6360905 0.558603168
0.6383768 0.5512226
0.6473063 0.555116057
0.6409726 0.5584166
0.632875 0.5475371
0.635092735 0.5454704
0.634022832 0.5475413
0.62294 0.5384805
0.62420094 0.5347346
0.630449 0.542098761
0.6184628 0.526251733
0.6213094 0.5189399
0.642701268 0.513378859
0.6247853 0.5099087
0.626587749 0.5086279
0.626621246 0.5103617
0.5859101 0.5625412
0.586217761 0.547028661
0.5936678 0.548408449
0.648904264 0.481777579
0.6476666 0.475125939
0.662186146 0.474832535
0.586217761 0.547028661
0.5892062 0.5325195
0.5957229 0.53560245
0.5892062 0.5325195
0.5939723 0.5191502
0.5995457 0.523253262
0.5939723 0.5191502
0.600371063 0.507554
0.604408264 0.512373
0.604408264 0.512373
0.600371063 0.507554
0.608443737 0.497658074
0.612069249 0.6030108
0.606039762 0.610851347
0.595758 0.5949135
0.6198757 0.507106841
0.635281265 0.498311251
0.626587749 0.5086279
0.602880836 0.589109
0.595758 0.5949135
0.589123368 0.5786114
0.6247853 0.5099087
0.625565 0.5109193
0.624418259 0.5125999
0.5969602 0.5752146
0.589123368 0.5786114
0.5859101 0.5625412
0.6151981 0.5322436
0.6184628 0.526251733
0.62420094 0.5347346
0.6444823 0.572905064
0.637800932 0.5922169
0.6267612 0.5838354
0.6224417 0.5547447
0.6120106 0.5580917
0.6110985 0.5497184
0.6218903 0.5494252
0.6110985 0.5497184
0.612031 0.5411714
0.6348554 0.569545746
0.6267612 0.5838354
0.6192056 0.575194657
0.666207731 0.5824339
0.6667866 0.60546726
0.6526484 0.6005517
0.628504634 0.5650348
0.6192056 0.575194657
0.614463568 0.566569269
0.6245461 0.559990048
0.614463568 0.566569269
0.6120106 0.5580917
0.612031 0.5411714
0.6151981 0.5322436
0.62294 0.5384805
0.6213094 0.5189399
0.6135892 0.504629135
0.6198757 0.507106841
0.635281265 0.498311251
0.648904264 0.481777579
0.642701268 0.513378859
0.6135892 0.504629135
0.648904264 0.481777579
0.635281265 0.498311251
0.628281355 0.5138111
0.6213094 0.5189399
0.624418259 0.5125999
0.62658 0.511677
0.626621246 0.5103617
0.6275559 0.5107938
0.62658 0.511677
0.628281355 0.5138111
0.624418259 0.5125999
0.662186146 0.474832535
0.6476666 0.475125939
0.6483906 0.4615244
0.567913532 0.5488965
0.586217761 0.547028661
0.5859101 0.5625412
0.568696141 0.570313156
0.5859101 0.5625412
0.589123368 0.5786114
0.5939723 0.5191502
0.5892062 0.5325195
0.5716784 0.528227746
0.5716784 0.528227746
0.5892062 0.5325195
0.586217761 0.547028661
0.6131422 0.768307149
0.6007104 0.7687201
0.6042522 0.7496309
0.6131422 0.768307149
0.60745424 0.749417
0.610273 0.7479878
0.624278247 0.7624946
0.610273 0.7479878
0.6123471 0.7455337
0.6320163 0.7527787
0.6123471 0.7455337
0.6133934 0.742404461
0.6353775 0.7410277
0.6133934 0.742404461
0.61323756 0.739052355
0.634073 0.7290621
0.61323756 0.739052355
0.6118219 0.735961437
0.628411531 0.718640268
0.6118219 0.735961437
0.6093663 0.7335963
0.6193363 0.7112938
0.6093663 0.7335963
0.606194437 0.7323455
0.6219957 0.7032679
0.608360052 0.708021939
0.60858 0.699773967
0.608360052 0.708021939
0.606194437 0.7323455
0.60273695 0.7324678
0.60858 0.699773967
0.5971916 0.709009945
0.5971916 0.709009945
0.5954224 0.701255
0.608360052 0.708021939
0.60273695 0.7324678
0.587005138 0.7137887
0.5971916 0.709009945
0.60273695 0.7324678
0.579158664 0.722194552
0.587005138 0.7137887
0.599579632 0.7340079
0.5750636 0.7331608
0.579158664 0.722194552
0.5973213 0.736630559
0.575505555 0.74500823
0.5750636 0.7331608
0.5962966 0.739924
0.580466151 0.7559168
0.575505555 0.74500823
0.5966696 0.7433609
0.5892612 0.7642601
0.580466151 0.7559168
0.598364532 0.746391
0.584327 0.7696968
0.573565364 0.7586301
0.6007104 0.7687201
0.5892612 0.7642601
0.6010457 0.7485941
0.372266173 0.8207957
0.3663602 0.8173782
0.368722558 0.8150561
0.3663602 0.8173782
0.362154424 0.8120298
0.365188837 0.810743451
0.362154424 0.8120298
0.360260665 0.8055706
0.363503158 0.805474162
0.345709324 0.818177938
0.34327662 0.805360258
0.360260665 0.8055706
0.3609377 0.798984766
0.363921 0.8000503
0.34327662 0.805360258
0.34569633 0.793102
0.3609377 0.798984766
0.3640402 0.793276
0.366412044 0.795273244
0.369065225 0.7891492
0.370629847 0.7919039
0.366412044 0.795273244
0.375416219 0.7872519
0.375879228 0.7904669
0.370629847 0.7919039
0.372317255 0.7705224
0.369065225 0.7891492
0.3925817 0.79644835
0.389784932 0.798284
0.386267424 0.793913
0.394671679 0.8030057
0.391400039 0.803604841
0.389784932 0.798284
0.394096375 0.8098316
0.3908807 0.809054732
0.391400039 0.803604841
0.3909182 0.81587
0.388357818 0.813763857
0.3908807 0.809054732
0.3909182 0.81587
0.385551572 0.820042
0.384197235 0.8170715
0.94249177 0.590124
0.942624032 0.582378864
0.946813 0.5835783
0.9785581 0.305565476
0.972806156 0.311462
0.9711906 0.3087685
0.942624032 0.582378864
0.9456638 0.5752187
0.949170649 0.577937365
0.9816751 0.297793269
0.9785581 0.305565476
0.9760221 0.3035466
0.8525218 0.785703
0.86058706 0.790976048
0.8515677 0.7977753
0.83106184 0.757014453
0.8254083 0.7614765
0.819247 0.754078448
0.8465996 0.789660037
0.8515677 0.7977753
0.840980947 0.8001315
0.8450302 0.756144047
0.837991536 0.755160153
0.8390417 0.7460739
0.8332673 0.7896246
0.8305863 0.7982755
0.8218282 0.7929766
0.8237479 0.7810813
0.8279037 0.786048055
0.8218282 0.7929766
0.8555142 0.7654498
0.8630137 0.7607996
0.8663088 0.7703916
0.821652055 0.7746821
0.8237479 0.7810813
0.8155116 0.7849168
0.85735 0.772368848
0.8663088 0.7703916
0.865735 0.7810094
0.822175145 0.767792463
0.821652055 0.7746821
0.8123911 0.774755
0.856326044 0.7795279
0.865735 0.7810094
0.86058706 0.790976048
0.8254083 0.7614765
0.822175145 0.767792463
0.8134853 0.7638702
0.9816751 0.289346516
0.9816751 0.297793269
0.9785359 0.2967896
0.978566 0.2814653
0.9816751 0.289346516
0.9783677 0.289549351
0.8123911 0.774755
0.8042636 0.775395334
0.805164039 0.7610902
0.8155116 0.7849168
0.8086911 0.788337946
0.8042636 0.775395334
0.8218282 0.7929766
0.8173502 0.797982156
0.8086911 0.788337946
0.8279714 0.8054599
0.8173502 0.797982156
0.8218282 0.7929766
0.841325 0.8082823
0.8279714 0.8054599
0.8305863 0.7982755
0.865735 0.7810094
0.8740153 0.783210039
0.868280232 0.79739213
0.8134853 0.7638702
0.805164039 0.7610902
0.8119352 0.7471755
0.851635754 0.7416289
0.861200631 0.7486999
0.8570362 0.7533227
0.8570362 0.7533227
0.861200631 0.7486999
0.8692573 0.7573983
0.839179 0.738250136
0.851635754 0.7416289
0.8489226 0.7482393
0.8630137 0.7607996
0.8692573 0.7573983
0.8740153 0.769360662
0.8663088 0.7703916
0.8740153 0.769360662
0.8740153 0.783210039
0.9452951 0.597281158
0.94249177 0.590124
0.946735263 0.589648843
0.9506238 0.602760732
0.9452951 0.597281158
0.9489469 0.595223367
0.9576902 0.605724
0.9506238 0.602760732
0.953113 0.59945333
0.951319456 0.309148431
0.9498422 0.312015951
0.9437578 0.306295872
0.946197152 0.304099679
0.9437578 0.306295872
0.9402454 0.298633516
0.970169067 0.5991986
0.9726744 0.6025217
0.96547544 0.6056893
0.9433393 0.297447145
0.9402454 0.298633516
0.939800262 0.290170074
0.9503123 0.278155148
0.948102653 0.275631726
0.95606184 0.271683335
0.9744384 0.5948411
0.978098631 0.5968913
0.9726744 0.6025217
0.943115234 0.2902124
0.939800262 0.290170074
0.942508 0.282116532
0.976772368 0.5892004
0.981020331 0.5896649
0.978098631 0.5968913
0.9455316 0.283452928
0.942508 0.282116532
0.948102653 0.275631726
0.964938641 0.271835744
0.9727441 0.275307834
0.9706208 0.27781117
0.976828039 0.5831317
0.981020331 0.581918061
0.981020331 0.5896649
0.9727441 0.275307834
0.978566 0.2814653
0.97559613 0.282899857
0.9745966 0.5775572
0.978095531 0.574825466
0.981020331 0.581918061
0.851200759 0.7597349
0.8450302 0.756144047
0.8489226 0.7482393
0.8334781 0.498822182
0.8334781 0.47942844
0.8231685 0.49408564
0.8334781 0.47942844
0.8262821 0.467262834
0.8190103 0.482105225
0.8262821 0.467262834
0.815131366 0.46029672
0.8091439 0.47388956
0.8091439 0.47388956
0.815131366 0.46029672
0.7952713 0.46058163
0.7966695 0.471873015
0.7952713 0.46058163
0.7824579 0.464182168
0.778562367 0.48756215
0.7683432 0.474207848
0.762161 0.490831763
0.778210461 0.499847144
0.762161 0.490831763
0.7636605 0.516032934
0.78318584 0.5100169
0.7636605 0.516032934
0.78258574 0.5340625
0.8081936 0.5357261
0.826136053 0.5172117
0.811221242 0.5140003
0.826136053 0.5172117
0.8334781 0.498822182
0.8201493 0.505844
0.8271367 0.601563
0.8283704 0.61882925
0.8350417 0.619275868
0.7869424 0.631148934
0.783655763 0.637027
0.796282232 0.640101552
0.775355339 0.624407947
0.7695302 0.6282975
0.783655763 0.637027
0.7695866 0.6122731
0.7621611 0.6132904
0.7695302 0.6282975
0.7708937 0.5929211
0.7638581 0.5900009
0.7621611 0.6132904
0.783180952 0.5787541
0.7790252 0.5719253
0.7638581 0.5900009
0.8008501 0.574484
0.8194223 0.584960341
0.82440263 0.5790341
0.8194223 0.584960341
0.8271367 0.601563
0.8334204 0.5987141
0.8008501 0.574484
0.798699856 0.5902374
0.805961847 0.5905956
0.792821467 0.593200564
0.8130684 0.5955181
0.798699856 0.5902374
0.8130684 0.5955181
0.81722 0.6048573
0.805961847 0.5905956
0.798699856 0.5902374
0.8271367 0.601563
0.8130684 0.5955181
0.81722 0.6048573
0.7708937 0.5929211
0.7695866 0.6122731
0.7838544 0.6045803
0.7869424 0.631148934
0.7963959 0.633598149
0.7978164 0.623586
0.8194223 0.584960341
0.805961847 0.5905956
0.8130684 0.5955181
0.8283704 0.61882925
0.81722 0.6048573
0.8152231 0.6150881
0.783180952 0.5787541
0.7708937 0.5929211
0.787453532 0.597927332
0.775355339 0.624407947
0.7869424 0.631148934
0.789010942 0.6197072
0.8225716 0.62881875
0.8152231 0.6150881
0.8078399 0.622206569
0.7695866 0.6122731
0.775355339 0.624407947
0.783936143 0.61239326
0.7963959 0.633598149
0.8137975 0.6343555
0.8078399 0.622206569
0.950488031 0.384604871
0.9505998 0.385133952
0.9485467 0.3857398
0.9504796 0.389157146
0.9507086 0.387969732
0.95236814 0.388287961
0.952727 0.389390051
0.95236814 0.388287961
0.953995049 0.387928873
0.9547715 0.3887741
0.953995049 0.387928873
0.955262065 0.387056
0.956267536 0.387566566
0.955262065 0.387056
0.956020355 0.385937333
0.957072139 0.3861488
0.956020355 0.385937333
0.9562939 0.3847828
0.9535182 0.379986167
0.955334842 0.380880356
0.9544744 0.381566733
0.9469737 0.384047925
0.947707 0.382074982
0.9487395 0.3829094
0.9461102 0.381378
0.947707 0.382074982
0.9469737 0.384047925
0.94159615 0.3794815
0.9450474 0.383921236
0.948087156 0.379499465
0.94925797 0.380559683
0.947707 0.382074982
0.94457984 0.37653625
0.9461102 0.381378
0.950754464 0.378546923
0.9513477 0.379821777
0.94925797 0.380559683
0.9488384 0.3748369
0.948087156 0.379499465
0.9574057 0.381432027
0.956554055 0.382163376
0.955334842 0.380880356
0.9584382 0.384795427
0.957351744 0.384812832
0.9571836 0.383512676
0.9581566 0.3865252
0.957072139 0.3861488
0.957351744 0.384812832
0.956267536 0.387566566
0.957072139 0.3861488
0.9581566 0.3865252
0.9571641 0.38834396
0.9615848 0.3875363
0.9547715 0.3887741
0.956267536 0.387566566
0.9571641 0.38834396
0.9504796 0.389157146
0.952727 0.389390051
0.9524929 0.390705645
0.948471 0.388017237
0.9504796 0.389157146
0.9494968 0.390396
0.9450474 0.383921236
0.9469737 0.384047925
0.947175264 0.386179149
0.9397899 0.383728445
0.945310831 0.3869046
0.961922765 0.3846239
0.9584382 0.384795427
0.9582028 0.383175015
0.9615848 0.3875363
0.9581566 0.3865252
0.9584382 0.384795427
0.9550991 0.389998585
0.9571641 0.38834396
0.95999074 0.390640974
0.9494968 0.390396
0.9524929 0.390705645
0.951686263 0.394441068
0.946866 0.389072418
0.9494968 0.390396
0.9466353 0.393687963
0.5901644 0.9232363
0.589520931 0.921277
0.591197 0.920792639
0.589520931 0.921277
0.5881256 0.9197434
0.5894095 0.9188582
0.591197 0.920792639
0.5933335 0.916411757
0.5881256 0.9197434
0.586202 0.918892562
0.586924434 0.9177265
0.5894095 0.9188582
0.589301467 0.9142717
0.5822836 0.919564962
0.580960751 0.9207216
0.5801345 0.9199614
0.5801177 0.921977341
0.5790888 0.9216199
0.5801345 0.9199614
0.5797651 0.9246241
0.5786662 0.9249823
0.578642845 0.923237264
0.580402255 0.9261101
0.579437 0.9268827
0.5786662 0.9249823
0.58177793 0.927464962
0.5813451 0.9287137
0.579437 0.9268827
0.586141467 0.9282329
0.5869795 0.9296327
0.5839052 0.9296666
0.5883068 0.9272002
0.589782238 0.928483963
0.5869795 0.9296327
0.589748 0.925365746
0.5915489 0.9263612
0.589782238 0.928483963
0.596271753 0.929338455
0.5938238 0.9320063
0.589748 0.925365746
0.5901644 0.9232363
0.5920801 0.9233655
0.589748 0.925365746
0.5883068 0.9272002
0.5875224 0.926023
0.586141467 0.9282329
0.5838028 0.928281546
0.584324241 0.9270732
0.5838028 0.928281546
0.58177793 0.927464962
0.582720041 0.9265654
0.5819719 0.9211451
0.580960751 0.9207216
0.5822836 0.919564962
0.5831089 0.9203237
0.5822836 0.919564962
0.584123731 0.918863
0.587441444 0.9208336
0.5881256 0.9197434
0.589520931 0.921277
0.588302255 0.9219755
0.589520931 0.921277
0.5901644 0.9232363
0.5920801 0.9233655
0.591197 0.920792639
0.595994234 0.9195602
0.5842407 0.917614162
0.581850648 0.918480158
0.5805112 0.915039361
0.5790888 0.9216199
0.575758457 0.9206046
0.5774628 0.917624652
0.5786662 0.9249823
0.5752319 0.9260334
0.575172663 0.9231121
0.579437 0.9268827
0.5765046 0.929159164
0.5752319 0.9260334
0.5813451 0.9287137
0.5802798 0.9324121
0.5765046 0.929159164
0.5869795 0.9296327
0.589416862 0.93337363
0.5843272 0.9335535
0.589782238 0.928483963
0.5938238 0.9320063
0.589416862 0.93337363
0.5915489 0.9263612
0.5920801 0.9233655
0.597391844 0.9239199
0.378647447 0.840746
0.364503145 0.8375633
0.372266173 0.8207957
0.3935712 0.8380852
0.378647447 0.840746
0.378999829 0.8217443
0.385551572 0.820042
0.379000247 0.8184736
0.384197235 0.8170715
0.406937957 0.8291315
0.3935712 0.8380852
0.385551572 0.820042
0.406937957 0.8291315
0.3909182 0.81587
0.394096375 0.8098316
0.4134456 0.8143345
0.394096375 0.8098316
0.394671679 0.8030057
0.4134456 0.799110353
0.394671679 0.8030057
0.3925817 0.79644835
0.40781033 0.785697639
0.3925817 0.79644835
0.3881693 0.791162431
0.3978684 0.7758115
0.3881693 0.791162431
0.382131755 0.7879426
0.360718846 0.775103569
0.369065225 0.7891492
0.3640402 0.793276
0.353046775 0.8295412
0.345709324 0.818177938
0.362154424 0.8120298
0.364503145 0.8375633
0.353046775 0.8295412
0.3663602 0.8173782
0.598921955 0.775970459
0.584327 0.7696968
0.5892612 0.7642601
0.573565364 0.7586301
0.567913532 0.744661868
0.575505555 0.74500823
0.567913532 0.744661868
0.5679476 0.729918
0.5750636 0.7331608
0.5679476 0.729918
0.5734483 0.716614544
0.579158664 0.722194552
0.641063 0.7245467
0.634073 0.7290621
0.628411531 0.718640268
0.639697254 0.754686236
0.6320163 0.7527787
0.6353775 0.7410277
0.6301478 0.7676849
0.624278247 0.7624946
0.6320163 0.7527787
0.615488052 0.775970459
0.6131422 0.768307149
0.624278247 0.7624946
0.773282945 0.786026955
0.773282945 0.7692694
0.7660474 0.771104038
0.759762168 0.795178354
0.7651488 0.80066824
0.773282945 0.786026955
0.716180563 0.799068749
0.7099162 0.8042128
0.722470045 0.8117267
0.7063739 0.7684216
0.698974252 0.766702831
0.697767138 0.7796993
0.703973651 0.7546377
0.698974252 0.766702831
0.7063739 0.7684216
0.713394 0.74466306
0.703973651 0.7546377
0.7107144 0.7583367
0.7264187 0.738733232
0.713394 0.74466306
0.718658 0.750305057
0.7412261 0.738250136
0.7264187 0.738733232
0.7293821 0.7457677
0.7668455 0.754478157
0.755485654 0.7436745
0.7526187 0.7504522
0.773282945 0.7692694
0.7668455 0.754478157
0.761359155 0.759331
0.609783649 0.80704993
0.596795857 0.806951046
0.5999083 0.8238254
0.596795857 0.806951046
0.5852386 0.8115131
0.5936596 0.8256816
0.5852386 0.8115131
0.576583266 0.81948173
0.5887185 0.829744637
0.5869301 0.848187566
0.5703798 0.854444563
0.577719 0.86572057
0.591082 0.8534234
0.577719 0.86572057
0.5891327 0.873654842
0.5968879 0.8567557
0.5891327 0.873654842
0.6031902 0.876773059
0.603487551 0.857665
0.6031902 0.876773059
0.61799556 0.874095142
0.603479743 0.8547928
0.6098926 0.855983257
0.6086984 0.8533791
0.6098926 0.855983257
0.61799556 0.874095142
0.631238461 0.8651925
0.631238461 0.8651925
0.637678266 0.8505106
0.618232965 0.8459865
0.637678266 0.835401356
0.632089853 0.82207644
0.61675334 0.832881153
0.632089853 0.82207644
0.622218132 0.812239647
0.612431049 0.8276893
0.622218132 0.812239647
0.609783649 0.80704993
0.606507242 0.8245168
0.612431049 0.8276893
0.6058399 0.827355564
0.610754132 0.8301075
0.08229846 0.8077342
0.08227074 0.794681251
0.0660557151 0.7984635
0.07728344 0.8201718
0.08229846 0.8077342
0.06543505 0.805231154
0.06768173 0.830094159
0.07728344 0.8201718
0.06234032 0.8113059
0.05451727 0.835810065
0.06768173 0.830094159
0.0572333932 0.8157492
0.0393196344 0.835810065
0.05451727 0.835810065
0.0509184 0.817874551
0.03874284 0.814428747
0.02646637 0.8278164
0.0393196344 0.835810065
0.03460455 0.809333742
0.01835537 0.816042364
0.02646637 0.8278164
0.032710433 0.8029224
0.0154902935 0.802573442
0.01835537 0.816042364
0.0333542824 0.7961903
0.0178374052 0.789388
0.0154902935 0.802573442
0.04144156 0.7857027
0.035042882 0.770913541
0.0247699022 0.778329253
0.0476475954 0.7835053
0.04688877 0.7680309
0.035042882 0.770913541
0.05417198 0.783926
0.0583732724 0.7696172
0.04688877 0.7680309
0.06892747 0.774314046
0.0583732724 0.7696172
0.05417198 0.783926
0.0774593353 0.782977045
0.06892747 0.774314046
0.05998403 0.786949039
0.8042636 0.8737354
0.806594968 0.8605892
0.8218802 0.867298543
0.8135 0.849554539
0.8237423 0.8421476
0.830045342 0.8567242
0.8237423 0.8421476
0.8355594 0.839262962
0.83630383 0.8545097
0.8355594 0.839262962
0.8470172 0.8408398
0.842879832 0.8549332
0.8575446 0.8455287
0.8487377 0.8579791
0.842879832 0.8549332
0.8660518 0.85417676
0.8529231 0.8631158
0.8487377 0.8579791
0.8708423 0.8658561
0.854865253 0.869588733
0.8529231 0.8631158
0.870860159 0.87887305
0.854245 0.8764166
0.854865253 0.869588733
0.8658544 0.8912688
0.8511293 0.8825485
0.854245 0.8764166
0.856283545 0.9011535
0.845980465 0.887036264
0.8511293 0.8825485
0.843167365 0.9068475
0.8396072 0.8891845
0.845980465 0.887036264
0.828022063 0.9068475
0.8330883 0.888713658
0.8396072 0.8891845
0.828022063 0.9068475
0.8152101 0.898885
0.8273096 0.8857044
0.8152101 0.898885
0.807125032 0.8871563
0.823132753 0.8805599
0.807125032 0.8871563
0.8042636 0.8737354
0.8212253 0.8740897
0.50211215 0.155093476
0.513271868 0.136192337
0.496002436 0.142918661
0.510383368 0.166551486
0.5333183 0.159872726
0.524781942 0.152549163
0.490238547 0.0916142
0.509892941 0.08942692
0.495866477 0.07991825
0.520741165 0.177182749
0.544142663 0.166503921
0.5333183 0.159872726
0.489518464 0.1041068
0.510130167 0.0990778357
0.490238547 0.0916142
0.489928722 0.117290989
0.50879544 0.10658063
0.489518464 0.1041068
0.482854068 0.116726592
0.482803226 0.10270597
0.5469226 0.195946768
0.5688471 0.176844731
0.557122052 0.172575787
0.491997242 0.130273953
0.5083771 0.11729683
0.489928722 0.117290989
0.484829783 0.1309674
0.482854068 0.116726592
0.5182469 0.04194118
0.551834 0.0603204221
0.5317362 0.0341446847
0.496002436 0.142918661
0.5099578 0.127105609
0.491997242 0.130273953
0.510355353 0.07689257
0.516779959 0.07502411
0.5134194 0.06384565
0.516779959 0.07502411
0.510355353 0.07689257
0.5122354 0.07818325
0.5221038 0.116595194
0.5327179 0.114373937
0.5198342 0.109921351
0.528873742 0.136629179
0.533518255 0.126310542
0.524899542 0.13039808
0.5587446 0.11128743
0.5579058 0.1320733
0.567773163 0.131676927
0.5579058 0.1320733
0.5587446 0.11128743
0.5511505 0.122681454
0.557449162 0.1501093
0.550961 0.13429983
0.551414132 0.14899452
0.528873742 0.136629179
0.5399655 0.132355765
0.5362416 0.129588082
0.519812167 0.105152175
0.5690665 0.09190722
0.5610037 0.0707484
0.557449162 0.1501093
0.567773163 0.131676927
0.5579058 0.1320733
0.534639955 0.141864315
0.544871449 0.134087071
0.5399655 0.132355765
0.5226301 0.123708829
0.531676352 0.118435279
0.5221038 0.116595194
0.524899542 0.13039808
0.531986654 0.122520223
0.5226301 0.123708829
0.5420767 0.146089688
0.550961 0.13429983
0.544871449 0.134087071
0.540629 0.116440311
0.5408661 0.123987272
0.550412655 0.119113341
0.5457124 0.125408068
0.550412655 0.119113341
0.5430881 0.125104979
0.5430881 0.125104979
0.550412655 0.119113341
0.5408661 0.123987272
0.540629 0.116440311
0.5392538 0.122568563
0.53832 0.120742247
0.5327179 0.114373937
0.53812325 0.118795708
0.538660347 0.116935953
0.5362416 0.129588082
0.5392538 0.122568563
0.533518255 0.126310542
0.5399655 0.132355765
0.5408661 0.123987272
0.5362416 0.129588082
0.544871449 0.134087071
0.5430881 0.125104979
0.5399655 0.132355765
0.550961 0.13429983
0.5457124 0.125408068
0.544871449 0.134087071
0.5579058 0.1320733
0.548504233 0.124670252
0.550961 0.13429983
0.538660347 0.116935953
0.5410112 0.112296477
0.5327179 0.114373937
0.5327179 0.114373937
0.5410112 0.112296477
0.531417847 0.1106482
0.5198342 0.109921351
0.531417847 0.1106482
0.519812167 0.105152175
0.527748466 0.07333021
0.510130167 0.0990778357
0.551834 0.0603204221
0.5092899 0.0788291842
0.511213839 0.07828428
0.510355353 0.07689257
0.48894912 0.145153835
0.491997242 0.130273953
0.484829783 0.1309674
0.52624464 0.0282093734
0.5182469 0.04194118
0.5317362 0.0341446847
0.482803226 0.10270597
0.490238547 0.0916142
0.484135866 0.089361
0.487624 0.07648666
0.490238547 0.0916142
0.495866477 0.07991825
0.504588842 0.172017738
0.520741165 0.177182749
0.510383368 0.166551486
0.5033354 0.07895325
0.510355353 0.07689257
0.5134194 0.06384565
0.495421648 0.159069911
0.510383368 0.166551486
0.50211215 0.155093476
0.510795236 0.07980196
0.510480464 0.0792899
0.5101885 0.08142103
0.5101885 0.08142103
0.5092899 0.0788291842
0.5033354 0.07895325
0.495421648 0.159069911
0.496002436 0.142918661
0.48894912 0.145153835
0.4925537 0.06505163
0.495866477 0.07991825
0.496788263 0.0547148436
0.496788263 0.0547148436
0.5182469 0.04194118
0.503893733 0.0456836373
0.503893733 0.0456836373
0.5182469 0.04194118
0.513486147 0.0368553251
0.5182469 0.04194118
0.496788263 0.0547148436
0.495866477 0.07991825
0.544142663 0.166503921
0.5420767 0.146089688
0.5333183 0.159872726
0.5099578 0.127105609
0.524899542 0.13039808
0.5226301 0.123708829
0.5083771 0.11729683
0.5226301 0.123708829
0.5221038 0.116595194
0.5333183 0.159872726
0.534639955 0.141864315
0.524781942 0.152549163
0.557122052 0.172575787
0.5690665 0.158371761
0.557449162 0.1501093
0.551834 0.0603204221
0.519812167 0.105152175
0.5610037 0.0707484
0.524781942 0.152549163
0.528873742 0.136629179
0.5183106 0.14451386
0.544142663 0.166503921
0.557449162 0.1501093
0.551414132 0.14899452
0.5083771 0.11729683
0.5198342 0.109921351
0.50879544 0.10658063
0.509892941 0.08942692
0.5033354 0.07895325
0.495866477 0.07991825
0.527748466 0.07333021
0.5134194 0.06384565
0.516779959 0.07502411
0.495866477 0.07991825
0.5134194 0.06384565
0.5182469 0.04194118
0.516779959 0.07502411
0.5143553 0.0807135254
0.527748466 0.07333021
0.527748466 0.07333021
0.5143553 0.0807135254
0.509892941 0.08942692
0.550412655 0.119113341
0.5410112 0.112296477
0.540629 0.116440311
0.5690665 0.09190722
0.5410112 0.112296477
0.5587446 0.11128743
0.5122354 0.07818325
0.5143553 0.0807135254
0.516779959 0.07502411
0.5143553 0.0807135254
0.5118112 0.07947339
0.5101885 0.08142103
0.5101885 0.08142103
0.5118112 0.07947339
0.510795236 0.07980196
0.48894912 0.145153835
0.470318854 0.137171581
0.4759757 0.154657319
0.487624 0.07648666
0.470899 0.08427383
0.484135866 0.089361
0.484135866 0.089361
0.4673537 0.101308033
0.482803226 0.10270597
0.482854068 0.116726592
0.4673537 0.101308033
0.467523158 0.1192245
0.484829783 0.1309674
0.467523158 0.1192245
0.470318854 0.137171581
0.761359155 0.759331
0.742739737 0.7686707
0.7450515 0.771452546
0.7526187 0.7504522
0.7395509 0.7670327
0.742739737 0.7686707
0.755485654 0.7436745
0.741339564 0.7457374
0.7412261 0.738250136
0.741339564 0.7457374
0.736013353 0.7667964
0.7395509 0.7670327
0.7293821 0.7457677
0.7327134 0.7679772
0.736013353 0.7667964
0.718658 0.750305057
0.7301723 0.770366132
0.7327134 0.7679772
0.7107144 0.7583367
0.7287291 0.7735977
0.7301723 0.770366132
0.7287291 0.7735977
0.705644667 0.7793933
0.7287883 0.777082264
0.7287883 0.777082264
0.7089624 0.790125668
0.730123 0.780284166
0.730123 0.780284166
0.716180563 0.799068749
0.7324894 0.7828155
0.7324894 0.7828155
0.726431251 0.8047653
0.7355409 0.7843343
0.7355409 0.7843343
0.7382919 0.8061918
0.7388793 0.784595966
0.7388793 0.784595966
0.750019252 0.8029211
0.742013037 0.783581138
0.7382919 0.8061918
0.7523587 0.8102753
0.7373394 0.813987732
0.742013037 0.783581138
0.759762168 0.795178354
0.7444665 0.781409442
0.7444665 0.781409442
0.765636 0.7839115
0.745838463 0.7784312
0.765636 0.7839115
0.746089339 0.774911344
0.745838463 0.7784312
0.61675334 0.832881153
0.610754132 0.8301075
0.614293 0.834492743
0.618796349 0.8393079
0.614293 0.834492743
0.615923345 0.8398332
0.618232965 0.8459865
0.615923345 0.8398332
0.6154114 0.8453069
0.615134239 0.8518958
0.6154114 0.8453069
0.612879753 0.850047052
0.6086984 0.8533791
0.615134239 0.8518958
0.612879753 0.850047052
0.5931535 0.851372
0.5968879 0.8567557
0.5980245 0.854088366
0.5895984 0.8470438
0.591082 0.8534234
0.5931535 0.851372
0.587899 0.841750562
0.5869301 0.848187566
0.5895984 0.8470438
0.5883143 0.8362987
0.585041046 0.841847
0.587899 0.841750562
0.5908091 0.8314999
0.58567977 0.8353674
0.5883143 0.8362987
0.5936596 0.8256816
0.5908091 0.8314999
0.5950382 0.828112245
0.5999083 0.8238254
0.5950382 0.828112245
0.6003121 0.826659739
0.596795857 0.806951046
0.5936596 0.8256816
0.846411467 0.9627764
0.843332648 0.9551618
0.843194366 0.962423742
0.246322542 0.835779548
0.259463251 0.840322256
0.253192067 0.832375646
0.2418885 0.822889
0.253192067 0.832375646
0.250038028 0.8223111
0.242747009 0.808592737
0.250038028 0.8223111
0.25104785 0.8114025
0.846411467 0.9543424
0.840785 0.948518157
0.843332648 0.9551618
0.2494897 0.794610858
0.25104785 0.8114025
0.256796032 0.801469445
0.276811033 0.785554
0.2866198 0.7955897
0.2892732 0.7889147
0.843270659 0.946693957
0.8360136 0.943531454
0.840785 0.948518157
0.261231154 0.8284801
0.259463251 0.840322256
0.26542443 0.8335017
0.289007 0.80685544
0.2866198 0.7955897
0.282948434 0.803318858
0.259463251 0.840322256
0.2708723 0.8370853
0.26542443 0.8335017
0.282948434 0.803318858
0.276773632 0.793393
0.275982678 0.802298069
0.2681295 0.845574
0.277564853 0.838377
0.2708723 0.8370853
0.28911832 0.845139861
0.290465862 0.832753658
0.284473628 0.836913
0.269011557 0.8040851
0.256796032 0.801469445
0.263208419 0.8085412
0.298259646 0.838283062
0.29422614 0.8264315
0.290465862 0.832753658
0.263208419 0.8085412
0.25104785 0.8114025
0.2598027 0.8149477
0.3034272 0.8281923
0.29515332 0.819259465
0.29422614 0.8264315
0.2598027 0.8149477
0.250038028 0.8223111
0.25917086 0.8219679
0.3039405 0.817537665
0.293271482 0.812441647
0.29515332 0.819259465
0.25917086 0.8219679
0.253192067 0.832375646
0.261231154 0.8284801
0.265575528 0.852811158
0.259463251 0.840322256
0.254983544 0.845367849
0.2788957 0.8556141
0.2681295 0.845574
0.265575528 0.852811158
0.305917978 0.8446844
0.3034272 0.8281923
0.298259646 0.838283062
0.9798599 0.189949632
0.975567341 0.183512032
0.9755299 0.18961823
0.311680049 0.8304532
0.3039405 0.817537665
0.3034272 0.8281923
0.8303652 0.937899768
0.8360136 0.943531454
0.837619662 0.9411146
0.311680049 0.816585541
0.3006132 0.808014631
0.3039405 0.817537665
0.976943433 0.197138846
0.9755299 0.18961823
0.973201931 0.195237815
0.3069159 0.804631233
0.294651955 0.8006446
0.3006132 0.808014631
0.2892732 0.7889147
0.294651955 0.8006446
0.298829347 0.795971453
0.843277454 0.970686734
0.843194366 0.962423742
0.8403969 0.9691869
0.9413493 0.181828618
0.9477616 0.177610934
0.9443887 0.174717486
0.8374765 0.9769125
0.8403969 0.9691869
0.835378051 0.9744562
0.9412239 0.1895855
0.945432067 0.1832192
0.9413493 0.181828618
0.8298071 0.980524
0.835378051 0.9744562
0.828857064 0.9774484
0.9440277 0.196827531
0.9453903 0.189307034
0.9412239 0.1895855
0.949368834 0.20248276
0.9476322 0.194957614
0.9440277 0.196827531
0.8042636 0.963200748
0.8077804 0.955722
0.804696 0.9546923
0.95654577 0.205681145
0.9518307 0.199322581
0.949368834 0.20248276
0.81303215 0.977815866
0.809993148 0.96971333
0.8070921 0.9712713
0.804696 0.9546923
0.8107251 0.9490107
0.8082269 0.9469245
0.8070921 0.9712713
0.8074986 0.96297
0.8042636 0.963200748
0.8082269 0.9469245
0.815903068 0.9438259
0.8143314 0.941004634
0.9643826 0.205681145
0.968939543 0.199516714
0.9633762 0.201798916
0.9715222 0.2026658
0.973201931 0.195237815
0.968939543 0.199516714
0.27846837 0.8474587
0.284473628 0.836913
0.277564853 0.838377
0.184953213 0.786782861
0.173767149 0.782489657
0.184953213 0.767395
0.184953213 0.767395
0.169673741 0.7704792
0.177778244 0.7551365
0.177778244 0.7551365
0.159837127 0.7622143
0.1666196 0.7480916
0.146728814 0.7482201
0.159837127 0.7622143
0.147372 0.760144353
0.13399297 0.7516744
0.147372 0.760144353
0.136015236 0.7653637
0.11410898 0.8035704
0.129436314 0.7880366
0.1336655 0.797966361
0.133280158 0.8224342
0.1336655 0.797966361
0.141008556 0.8038025
0.160058558 0.823613644
0.16139549 0.8020328
0.1775822 0.805125952
0.1775822 0.805125952
0.170632184 0.7941966
0.184953213 0.786782861
0.497399479 0.7386832
0.479599744 0.7470139
0.476489276 0.740652561
0.5097865 0.787504554
0.518949866 0.7781695
0.515814543 0.7909097
0.503030062 0.7990247
0.515814543 0.7909097
0.5070454 0.8049896
0.490764171 0.8045947
0.5070454 0.8049896
0.491780728 0.8122991
0.468678981 0.8099917
0.490764171 0.8045947
0.491780728 0.8122991
0.453001529 0.7734225
0.450544983 0.7952595
0.44542703 0.772316456
0.463093668 0.7551863
0.44542703 0.772316456
0.4566987 0.7502323
0.476489276 0.740652561
0.463093668 0.7551863
0.4566987 0.7502323
0.453001529 0.7734225
0.469067067 0.76974684
0.469046384 0.776688755
0.48280403 0.7579733
0.472026616 0.78198266
0.473574072 0.762523055
0.473574072 0.762523055
0.469046384 0.776688755
0.469067067 0.76974684
0.472026616 0.78198266
0.469046384 0.776688755
0.473574072 0.762523055
0.472026616 0.78198266
0.48280403 0.7579733
0.4765176 0.786885738
0.48280403 0.7579733
0.4931021 0.7597593
0.4765176 0.786885738
0.479599744 0.7470139
0.48280403 0.7579733
0.473574072 0.762523055
0.4826763 0.7903388
0.471417218 0.8031926
0.4765176 0.786885738
0.501474261 0.777148247
0.5097865 0.787504554
0.497362763 0.7858264
0.463093668 0.7551863
0.473574072 0.762523055
0.469067067 0.76974684
0.49707672 0.7455387
0.4931021 0.7597593
0.48280403 0.7579733
0.4765176 0.786885738
0.457321018 0.7911129
0.472026616 0.78198266
0.497362763 0.7858264
0.503030062 0.7990247
0.490066618 0.7905602
0.507361054 0.7513439
0.5002538 0.76711446
0.4931021 0.7597593
0.457321018 0.7911129
0.469046384 0.776688755
0.472026616 0.78198266
0.490066618 0.7905602
0.490764171 0.8045947
0.4826763 0.7903388
0.5002538 0.76711446
0.512277 0.7780116
0.501474261 0.777148247
0.8343228 0.703968346
0.831994653 0.6948891
0.8273732 0.6973944
0.8526743 0.6840502
0.8464667 0.693472862
0.8526743 0.696331561
0.8425568 0.6772785
0.835471153 0.684314132
0.8413337 0.683918953
0.8447272 0.7041747
0.836777568 0.6985678
0.8343228 0.703968346
0.8526743 0.696331561
0.842777252 0.698173761
0.8447272 0.7041747
0.8317097 0.6793631
0.8317614 0.688908756
0.835471153 0.684314132
0.881405532 0.318215638
0.871650636 0.315798879
0.87084347 0.317433178
0.8645393 0.29760617
0.8659984 0.308368266
0.866678 0.2983207
0.8726862 0.289779246
0.866678 0.2983207
0.873652756 0.2918212
0.884224832 0.290045142
0.88911736 0.29990387
0.891388357 0.2994868
0.867990136 0.271683276
0.8864317 0.2858036
0.892182 0.2739221
0.860218 0.3380306
0.8602717 0.3104572
0.844013333 0.3136674
0.88937813 0.336847842
0.894199431 0.3131112
0.8825898 0.3218124
0.844013333 0.3136674
0.8602503 0.295679361
0.84756875 0.286963642
0.860218 0.3380306
0.8825898 0.3218124
0.8689081 0.321229845
0.908819735 0.318008751
0.8951828 0.298421
0.894199431 0.3131112
0.884224832 0.290045142
0.871309042 0.2861564
0.8726862 0.289779246
0.8951828 0.298421
0.8864317 0.2858036
0.891388357 0.2994868
0.888207138 0.309673071
0.890079558 0.3109042
0.890079558 0.3109042
0.880863 0.316091359
0.881405532 0.318215638
0.8259491 0.6879373
0.831994653 0.6948891
0.8317614 0.688908756
0.863936365 0.309242249
0.871650636 0.315798879
0.8659984 0.308368266
0.908819735 0.292105019
0.8864317 0.2858036
0.8951828 0.298421
0.3620548 0.95143944
0.354105145 0.9570463
0.360104829 0.957440257
0.3527988 0.9712999
0.3598843 0.978335559
0.3586612 0.971695065
0.349089 0.9667052
0.34903726 0.976251
0.3527988 0.9712999
0.3516504 0.951645732
0.34932217 0.9607249
0.354105145 0.9570463
0.370001823 0.9592825
0.360104829 0.957440257
0.3637943 0.9621412
0.492802054 0.8818234
0.489620835 0.8716372
0.490531 0.8814063
0.491493136 0.870406032
0.4822767 0.8652189
0.489620835 0.8716372
0.473064333 0.865511358
0.46535 0.872068048
0.467412144 0.87294203
0.484003454 0.859497845
0.4616317 0.8432796
0.4703218 0.8600804
0.4616317 0.8432796
0.461685449 0.870853066
0.4703218 0.8600804
0.495613128 0.86819905
0.490791827 0.844462335
0.484003454 0.859497845
0.4965965 0.8828893
0.5102334 0.863301456
0.495613128 0.86819905
0.469403774 0.909626961
0.4878454 0.8955066
0.4727228 0.8951538
0.485638529 0.8912651
0.4727228 0.8951538
0.4878454 0.8955066
0.467412144 0.87294203
0.465953022 0.883704066
0.468091637 0.8829895
0.482819229 0.863094568
0.473064333 0.865511358
0.4822767 0.8652189
0.485638529 0.8912651
0.490531 0.8814063
0.484410435 0.8889934
0.468091637 0.8829895
0.4740999 0.891531
0.475066453 0.889489
0.3432766 0.9676767
0.34932217 0.9607249
0.344700754 0.958219647
0.370001823 0.9715639
0.3637943 0.9621412
0.363082677 0.9679328
0.44542703 0.8676429
0.461664 0.8856309
0.461685449 0.870853066
0.5102334 0.8892052
0.4878454 0.8955066
0.4935957 0.9073882
0.193554044 0.2820935
0.17285426 0.24240081
0.193891138 0.241223723
0.105796404 0.36101
0.117460854 0.390070558
0.0922154859 0.3706027
0.193194628 0.299610376
0.204484329 0.362890571
0.188432559 0.3561489
0.193194628 0.299610376
0.172420368 0.282979548
0.193554044 0.2820935
0.089750886 0.306323558
0.0922154859 0.3706027
0.07266518 0.3118031
0.188432559 0.3561489
0.1837809 0.385629147
0.169665679 0.36768654
0.12642169 0.370104849
0.139946833 0.391097218
0.117460854 0.390070558
0.110426165 0.286868751
0.08885554 0.247639373
0.109946795 0.246227935
0.8743984 0.475602359
0.8673833 0.477761954
0.870523453 0.4724191
0.8717834 0.4800718
0.865396142 0.4833931
0.8673833 0.477761954
0.8701289 0.484787375
0.864470959 0.489087433
0.865396142 0.4833931
0.8693906 0.489567965
0.8644586 0.4947513
0.864470959 0.489087433
0.8644586 0.4947513
0.870239556 0.498944074
0.86548 0.5002786
0.86548 0.5002786
0.8717711 0.50341785
0.8673476 0.505603552
0.8673476 0.505603552
0.8741145 0.507646561
0.8701566 0.5106597
0.897651553 0.52359724
0.9022395 0.5175456
0.904053569 0.522140145
0.904053569 0.522140145
0.9072481 0.5153034
0.909928143 0.519397
0.909928143 0.519397
0.9115983 0.512106061
0.9150031 0.5155562
0.9150031 0.5155562
0.915104568 0.508178
0.919059 0.5108714
0.919059 0.5108714
0.9176685 0.5037813
0.921958268 0.50565505
0.921958268 0.50565505
0.9193016 0.4991779
0.923678339 0.5002519
0.9193016 0.4991779
0.9245754 0.4949071
0.923678339 0.5002519
0.920030832 0.494516879
0.9245754 0.489593238
0.9245754 0.4949071
0.919947147 0.489910036
0.923827052 0.484328717
0.9245754 0.489593238
0.9192874 0.485346466
0.922174335 0.479110032
0.923827052 0.484328717
0.917801 0.480909556
0.919514537 0.474120945
0.922174335 0.479110032
0.915475249 0.476709038
0.91584146 0.46958527
0.919514537 0.474120945
0.9123141 0.472905248
0.911223233 0.4657295
0.91584146 0.46958527
0.908364654 0.469682246
0.905782938 0.4627656
0.911223233 0.4657295
0.9037253 0.4672298
0.8996861 0.460890323
0.905782938 0.4627656
0.9104556 0.4795377
0.8997867 0.4885727
0.8989901 0.487361938
0.9125799 0.4827843
0.9003626 0.489960641
0.8997867 0.4885727
0.88171947 0.507158756
0.8900285 0.496574134
0.890876651 0.497567624
0.9140308 0.486397952
0.9006628 0.491464
0.9003626 0.489960641
0.8791296 0.5043808
0.889323 0.495391816
0.8900285 0.496574134
0.9147291 0.494179517
0.9006628 0.491464
0.9147396 0.490238041
0.8771056 0.5011693
0.888816237 0.494058818
0.889323 0.495391816
0.913930058 0.498091847
0.900597036 0.493003517
0.9147291 0.494179517
0.87571913 0.497624
0.88855195 0.492628783
0.888816237 0.494058818
0.9123447 0.5018065
0.900230467 0.49448815
0.913930058 0.498091847
0.8750179 0.489985973
0.88855195 0.492628783
0.87503016 0.493861049
0.910030842 0.505154252
0.899598956 0.4958444
0.9123447 0.5018065
0.8757654 0.486130148
0.8886132 0.491169721
0.8750179 0.489985973
0.9070888 0.5079768
0.8987647 0.497012824
0.910030842 0.505154252
0.877270341 0.482453436
0.888937354 0.48975572
0.8757654 0.486130148
0.9036546 0.5101483
0.8978037 0.4979544
0.9070888 0.5079768
0.8933047 0.47195062
0.8949738 0.484874517
0.893976 0.48488006
0.8794868 0.479117721
0.889495 0.4884505
0.877270341 0.482453436
0.899885058 0.5115819
0.8967876 0.498649031
0.9036546 0.5101483
0.897240937 0.472083539
0.895993352 0.485122055
0.8949738 0.484874517
0.8823313 0.476277977
0.8902367 0.487305373
0.8794868 0.479117721
0.895947 0.512229443
0.895764947 0.4990894
0.899885058 0.5115819
0.901043 0.47297433
0.897026658 0.485621482
0.895993352 0.485122055
0.8856851 0.4740747
0.8911036 0.4863567
0.8823313 0.476277977
0.9045836 0.474557966
0.8980453 0.4863707
0.897026658 0.485621482
0.8893941 0.47262308
0.8920412 0.485627562
0.8856851 0.4740747
0.8920079 0.5120826
0.8927823 0.498897225
0.893766165 0.499209017
0.9077553 0.476768345
0.8989901 0.487361938
0.8980453 0.4863707
0.8893941 0.47262308
0.893976 0.48488006
0.893007 0.485133141
0.888283968 0.5110228
0.8918108 0.4983476
0.8927823 0.498897225
0.8848 0.509407043
0.890876651 0.497567624
0.8918108 0.4983476
0.897240937 0.472083539
0.893051445 0.465330154
0.898549139 0.465728
0.901043 0.47297433
0.898549139 0.465728
0.9037253 0.4672298
0.9045836 0.474557966
0.9037253 0.4672298
0.908364654 0.469682246
0.9077553 0.476768345
0.908364654 0.469682246
0.9123141 0.472905248
0.9104556 0.4795377
0.9123141 0.472905248
0.915475249 0.476709038
0.9125799 0.4827843
0.915475249 0.476709038
0.917801 0.480909556
0.9140308 0.486397952
0.917801 0.480909556
0.9192874 0.485346466
0.9147396 0.490238041
0.9192874 0.485346466
0.919947147 0.489910036
0.920030832 0.494516879
0.9147396 0.490238041
0.919947147 0.489910036
0.9193016 0.4991779
0.9147291 0.494179517
0.920030832 0.494516879
0.9176685 0.5037813
0.913930058 0.498091847
0.9193016 0.4991779
0.915104568 0.508178
0.9123447 0.5018065
0.9176685 0.5037813
0.9115983 0.512106061
0.910030842 0.505154252
0.915104568 0.508178
0.9072481 0.5153034
0.9070888 0.5079768
0.9115983 0.512106061
0.9022395 0.5175456
0.9036546 0.5101483
0.9072481 0.5153034
0.8968222 0.518669963
0.899885058 0.5115819
0.9022395 0.5175456
0.88597 0.5173334
0.8920079 0.5120826
0.891291261 0.518592358
0.8848 0.509407043
0.88597 0.5173334
0.8812697 0.514806032
0.88171947 0.507158756
0.8812697 0.514806032
0.8772843 0.511503339
0.8791296 0.5043808
0.8772843 0.511503339
0.8741145 0.507646561
0.8771056 0.5011693
0.8741145 0.507646561
0.8717711 0.50341785
0.87571913 0.497624
0.8717711 0.50341785
0.870239556 0.498944074
0.87503016 0.493861049
0.870239556 0.498944074
0.8695417 0.494297057
0.8693906 0.489567965
0.87503016 0.493861049
0.8695417 0.494297057
0.8701289 0.484787375
0.8750179 0.489985973
0.8693906 0.489567965
0.8717834 0.4800718
0.8757654 0.486130148
0.8701289 0.484787375
0.8743984 0.475602359
0.877270341 0.482453436
0.8717834 0.4800718
0.8779716 0.471615165
0.8794868 0.479117721
0.8743984 0.475602359
0.8824172 0.4683729
0.8823313 0.476277977
0.8779716 0.471615165
0.887526035 0.46612218
0.8856851 0.4740747
0.8824172 0.4683729
0.947101355 0.120543659
0.948309541 0.124533176
0.9456106 0.121733546
0.9745342 0.119133115
0.9732239 0.122665882
0.9721808 0.121568143
0.9593403 0.127137423
0.9565984 0.125434279
0.9599086 0.125909328
0.9558072 0.126430809
0.95338285 0.124285996
0.9565984 0.125434279
0.9525119 0.125057876
0.9504005 0.122445345
0.95338285 0.124285996
0.9495612 0.12307322
0.9478531 0.119981945
0.9504005 0.122445345
0.9478531 0.119981945
0.9451345 0.11758703
0.945941448 0.116956413
0.945941448 0.116956413
0.943788767 0.114216387
0.9447111 0.113566816
0.9447111 0.113566816
0.9431186 0.110604763
0.9442212 0.11004287
0.952906 0.101419985
0.946807742 0.100097
0.948853731 0.09735745
0.962874651 0.09709811
0.9605316 0.0916069746
0.963709533 0.0916602
0.9694481 0.123556018
0.9682357 0.117515206
0.9721808 0.121568143
0.9721808 0.121568143
0.9698655 0.115885019
0.9745342 0.119133115
0.950644255 0.105424106
0.9444389 0.106545985
0.9453176 0.10319519
0.9585271 0.0976571441
0.954274535 0.0933061242
0.9573531 0.0921525955
0.9745342 0.119133115
0.9711727 0.113976836
0.9763436 0.116308928
0.9501191 0.1076709
0.9442212 0.11004287
0.9444389 0.106545985
0.956453145 0.09854084
0.951405048 0.09508169
0.954274535 0.0933061242
0.9763436 0.116308928
0.972104669 0.111858666
0.977580965 0.11321336
0.950035155 0.109974563
0.9447111 0.113566816
0.9442212 0.11004287
0.977580965 0.11321336
0.9726287 0.109608948
0.978218853 0.109960377
0.950404346 0.112246454
0.945941448 0.116956413
0.9447111 0.113566816
0.978218853 0.109960377
0.9727238 0.10731
0.978241146 0.106658459
0.951218843 0.114383042
0.9478531 0.119981945
0.945941448 0.116956413
0.978241146 0.106658459
0.972383738 0.105044663
0.9776403 0.103415012
0.9478531 0.119981945
0.953938842 0.117830515
0.9504005 0.122445345
0.9504005 0.122445345
0.9557615 0.119050264
0.95338285 0.124285996
0.95338285 0.124285996
0.9577856 0.119851589
0.9565984 0.125434279
0.970419049 0.100979745
0.972372234 0.09531778
0.974640846 0.09761655
0.968853951 0.09938592
0.969718456 0.0935266
0.972372234 0.09531778
0.9670224 0.09820187
0.9667994 0.09230286
0.969718456 0.0935266
0.963214457 0.125740111
0.9642761 0.119681478
0.966426134 0.124949634
0.954548 0.09980327
0.948853731 0.09735745
0.951405048 0.09508169
0.965006232 0.0974399447
0.963709533 0.0916602
0.9667994 0.09230286
0.966426134 0.124949634
0.966341734 0.118789673
0.9694481 0.123556018
0.9776403 0.103415012
0.979220748 0.1060729
0.978241146 0.106658459
0.976419866 0.100352108
0.9784416 0.102785885
0.9776403 0.103415012
0.974640846 0.09761655
0.977122247 0.09977144
0.976419866 0.100352108
0.973142564 0.09478998
0.974640846 0.09761655
0.972372234 0.09531778
0.9705499 0.09287989
0.972372234 0.09531778
0.969718456 0.0935266
0.9676006 0.09144038
0.969718456 0.0935266
0.9667994 0.09230286
0.948853731 0.09735745
0.950460553 0.0938879251
0.951405048 0.09508169
0.9643438 0.09054905
0.9667994 0.09230286
0.963709533 0.0916602
0.946807742 0.100097
0.947645545 0.0965490341
0.948853731 0.09735745
0.9608624 0.09029442
0.963709533 0.0916602
0.9605316 0.0916069746
0.9784416 0.102785885
0.978645 0.09893787
0.9801134 0.10224843
0.9495612 0.12307322
0.951555252 0.126732349
0.948309541 0.124533176
0.977122247 0.09977144
0.9766779 0.09602028
0.978645 0.09893787
0.9525119 0.125057876
0.9551825 0.128245711
0.951555252 0.126732349
0.9492278 0.0924328
0.947645545 0.0965490341
0.946132839 0.09538436
0.946132839 0.09538436
0.9454396 0.09970033
0.943736434 0.0988675952
0.943736434 0.0988675952
0.9439318 0.103200912
0.942103863 0.102713943
0.9732239 0.122665882
0.9772434 0.1210106
0.9743969 0.1241591
0.942103863 0.102713943
0.943158269 0.1068871
0.941267669 0.106751144
0.9567658 0.08895886
0.953763 0.09195453
0.9528759 0.09028095
0.975790262 0.119815588
0.9793384 0.11742878
0.9772434 0.1210106
0.941267669 0.106751144
0.9431186 0.110604763
0.941224 0.110819459
0.9528759 0.09028095
0.950460553 0.0938879251
0.9492278 0.0924328
0.9777013 0.116574764
0.9806508 0.113594651
0.9793384 0.11742878
0.941224 0.110819459
0.943788767 0.114216387
0.9419534 0.114779651
0.9789023 0.1130963
0.981183648 0.109687448
0.9806508 0.113594651
0.9419534 0.114779651
0.9451345 0.11758703
0.9434384 0.118483365
0.9793953 0.1095472
0.9809823 0.105864942
0.981183648 0.109687448
0.9434384 0.118483365
0.947101355 0.120543659
0.9456106 0.121733546
0.979220748 0.1060729
0.9801134 0.10224843
0.9809823 0.105864942
0.8993803 0.679511547
0.902981043 0.682443
0.9002451 0.6839021
0.911511242 0.6780586
0.9058368 0.6787023
0.906506538 0.674739063
0.9056435 0.679719567
0.9061687 0.6808456
0.9054514 0.6801659
0.906506538 0.674739063
0.903900146 0.6787395
0.901703358 0.6758122
0.901703358 0.6758122
0.9027194 0.6801661
0.8993803 0.679511547
0.9078395 0.6822927
0.911511242 0.6780586
0.911511242 0.68396014
0.902981043 0.682443
0.903513 0.6871678
0.9002451 0.6839021
0.9048146 0.683978558
0.9080826 0.6872743
0.903513 0.6871678
0.9037186 0.680651665
0.904673338 0.68023926
0.9042233 0.680838168
0.9063316 0.681807935
0.9061595 0.6828038
0.9058845 0.682392836
0.905102 0.6823921
0.903854549 0.6820259
0.9043877 0.681739569
0.9061687 0.6808456
0.9068237 0.681890249
0.9063316 0.681807935
0.9058845 0.682392836
0.9049624 0.6829122
0.905102 0.6823921
0.903854549 0.6820259
0.9042233 0.680838168
0.9043877 0.681739569
0.5357366 0.4602967
0.457466245 0.5204213
0.445926547 0.460610867
0.5345696 0.6428782
0.454465359 0.5852194
0.533932149 0.5839821
0.3584699 0.7190614
0.363626719 0.6852986
0.3667916 0.7114248
0.3584699 0.7190614
0.4002425 0.727207839
0.353248179 0.727207839
0.3835253 0.6861977
0.394957364 0.7205216
0.384319365 0.7100353
0.394957364 0.7205216
0.3667916 0.7114248
0.384319365 0.7100353
0.363626719 0.6852986
0.389531016 0.6766378
0.3835253 0.6861977
0.8347914 0.166470468
0.8015458 0.157479733
0.8018099 0.156451344
0.8347914 0.146391809
0.8018099 0.156451344
0.8014991 0.155317366
0.823029 0.127276391
0.8014991 0.155317366
0.8006788 0.15439719
0.823029 0.127276391
0.799666464 0.153742731
0.8024622 0.119547993
0.8024622 0.119547993
0.798525751 0.153660774
0.7838637 0.122726321
0.7838637 0.122726321
0.797591269 0.1541501
0.77083534 0.132583916
0.77083534 0.132583916
0.7971183 0.155197233
0.7637966 0.147382677
0.76379323 0.166508526
0.7971183 0.155197233
0.797367156 0.156480342
0.775137961 0.1849885
0.797367156 0.156480342
0.7982677 0.157533139
0.775137961 0.1849885
0.7994339 0.158222914
0.7948472 0.192625135
0.812985361 0.190866232
0.7994339 0.158222914
0.8007039 0.158125877
0.8266024 0.1816363
0.8007039 0.158125877
0.8015458 0.157479733
0.82660234 0.0775786042
0.8007039 0.0540681481
0.801545858 0.0534220338
0.8129854 0.08680844
0.7994339 0.0541651845
0.8007039 0.0540681481
0.7994339 0.0541651845
0.775138 0.08093071
0.7982677 0.05347544
0.775138 0.08093071
0.7973671 0.0524226427
0.7982677 0.05347544
0.76379323 0.0624507666
0.7971183 0.0511394739
0.7973671 0.0524226427
0.7971183 0.0511394739
0.77083534 0.0285262465
0.7975912 0.0500924
0.7975912 0.0500924
0.7838637 0.018668592
0.798525751 0.049603045
0.798525751 0.049603045
0.8024621 0.0154902935
0.7996664 0.049685
0.7996664 0.049685
0.823029041 0.0232186913
0.8006788 0.05033946
0.823029041 0.0232186913
0.8014991 0.0512596965
0.8006788 0.05033946
0.8347914 0.04233402
0.8018099 0.0523936749
0.8014991 0.0512596965
0.8347914 0.0624128
0.801545858 0.0534220338
0.8018099 0.0523936749
0.7723856 0.692698658
0.772151947 0.6989853
0.7680775 0.6960655
0.7705208 0.6895918
0.7680775 0.6960655
0.765060365 0.6911435
0.769989431 0.6854669
0.765060365 0.6911435
0.7644955 0.684605658
0.771315634 0.6812818
0.7644955 0.684605658
0.767095745 0.678544939
0.771315634 0.6812818
0.7715275 0.6746285
0.7742453 0.678304732
0.7742453 0.678304732
0.776163161 0.6732426
0.777256548 0.6774046
0.777256548 0.6774046
0.7799625 0.673371434
0.7798769 0.677353561
0.7798769 0.677353561
0.783148944 0.6742157
0.782124162 0.6779216
0.7859688 0.6813228
0.792533457 0.683384836
0.7873794 0.6843752
0.7873794 0.6843752
0.7926216 0.690538466
0.786901 0.688634
0.7846442 0.6923706
0.7926216 0.690538466
0.7886892 0.6969724
0.7812342 0.6945837
0.7886892 0.6969724
0.7825933 0.700285256
0.7778492 0.695182145
0.7825933 0.700285256
0.776860535 0.700539947
0.7748911 0.694560945
0.776860535 0.700539947
0.772151947 0.6989853
0.779126763 0.683846533
0.779399633 0.6836178
0.7793989 0.6838055
0.770154834 0.702649236
0.7680775 0.6960655
0.772151947 0.6989853
0.762234449 0.683676
0.767095745 0.678544939
0.7644955 0.684605658
0.767095745 0.678544939
0.7700349 0.6731427
0.7715275 0.6746285
0.7715275 0.6746285
0.7751755 0.671317
0.776163161 0.6732426
0.776163161 0.6732426
0.779798031 0.6710821
0.7799625 0.673371434
0.78410244 0.671773851
0.786335766 0.6756642
0.783148944 0.6742157
0.7880907 0.6740479
0.789704859 0.6784252
0.786335766 0.6756642
0.791907966 0.6775984
0.792533457 0.683384836
0.789704859 0.6784252
0.7926216 0.690538466
0.7912037 0.698412836
0.7886892 0.6969724
0.7886892 0.6969724
0.784521043 0.702938557
0.7825933 0.700285256
0.7825933 0.700285256
0.77717 0.704174638
0.776860535 0.700539947
0.9823878 0.8498969
0.983575463 0.8532075
0.9816038 0.8522575
0.970739841 0.84570384
0.9739073 0.8438903
0.9730358 0.846264
0.982444 0.847251952
0.9845097 0.850185335
0.9823878 0.8498969
0.970543146 0.849368155
0.9730358 0.846264
0.973012567 0.848999858
0.9836232 0.843887746
0.982444 0.847251952
0.981658 0.8447524
0.97379446 0.851588964
0.970543146 0.849368155
0.973012567 0.848999858
0.9818936 0.8413052
0.981658 0.8447524
0.9802829 0.842784941
0.9752522 0.853549957
0.971758246 0.8528137
0.97379446 0.851588964
0.9795209 0.8396648
0.9802829 0.842784941
0.9786088 0.841644645
0.9768168 0.839262962
0.9786088 0.841644645
0.976891637 0.8414563
0.980277359 0.8539551
0.979361057 0.8568639
0.9786819 0.854785
0.9786819 0.854785
0.976575255 0.8568639
0.9769614 0.8546426
0.974161565 0.840259135
0.976891637 0.8414563
0.975291133 0.8422354
0.9816038 0.8522575
0.9817811 0.8555526
0.980277359 0.8539551
0.7813901 0.6797195
0.7798769 0.677353561
0.782124162 0.6779216
0.786901 0.688634
0.7859827 0.684788764
0.7873794 0.6843752
0.7836563 0.6908189
0.786901 0.688634
0.7846442 0.6923706
0.7757773 0.692389548
0.7778492 0.695182145
0.7748911 0.694560945
0.7793989 0.6838055
0.7796013 0.683670461
0.7795744 0.683817446
0.7836563 0.6908189
0.7798002 0.688699841
0.780884564 0.6879624
0.7795744 0.683817446
0.7797511 0.683734536
0.7797023 0.683862
0.781056 0.692525268
0.7786374 0.6889207
0.7798002 0.688699841
0.7757773 0.692389548
0.7766319 0.688114
0.777572036 0.688713431
0.7778554 0.6869632
0.778277338 0.6872365
0.778287351 0.69300133
0.777572036 0.688713431
0.7786374 0.6889207
0.778277338 0.6872365
0.7787517 0.687296033
0.782689333 0.681440353
0.780403554 0.683583438
0.780117035 0.683469951
0.7736209 0.69089067
0.7759178 0.687076032
0.7766319 0.688114
0.7721271 0.688420355
0.7756794 0.6856892
0.7759178 0.687076032
0.7774051 0.685765147
0.77752775 0.6864598
0.7717309 0.685290933
0.7760874 0.6843069
0.7756794 0.6856892
0.7841157 0.6829093
0.7807958 0.683799148
0.780403554 0.683583438
0.7756794 0.6856892
0.777589738 0.6850149
0.7774051 0.685765147
0.7854365 0.6880554
0.785176158 0.684544146
0.7859827 0.684788764
0.785176158 0.684544146
0.7815107 0.684969962
0.7807958 0.683799148
0.7815107 0.684969962
0.785176158 0.684544146
0.781576633 0.6868011
0.7747576 0.6796613
0.775468946 0.680127263
0.772707 0.682152152
0.772707 0.682152152
0.775468946 0.680127263
0.7760874 0.6843069
0.7760874 0.6843069
0.775468946 0.680127263
0.778089345 0.6836848
0.77903825 0.6829958
0.7773372 0.6799005
0.7794434 0.683151
0.780884564 0.6879624
0.7792708 0.687144339
0.7797695 0.6867528
0.7798002 0.688699841
0.7787517 0.687296033
0.7792708 0.687144339
0.779698431 0.6832846
0.7810986 0.6804768
0.7799008 0.6833865
0.7810986 0.6804768
0.780117035 0.683469951
0.7799008 0.6833865
0.7766319 0.688114
0.77752775 0.6864598
0.7778554 0.6869632
0.7798256 0.685961068
0.7779639 0.68514514
0.779884636 0.6844674
0.7779639 0.68514514
0.7791662 0.6840699
0.779884636 0.6844674
0.7798256 0.685961068
0.7778133 0.6856759
0.779572 0.686427951
0.777877152 0.6862141
0.7792017 0.6867608
0.7780999 0.686632931
0.7788033 0.686915934
0.7784213 0.686875641
0.779884636 0.6844674
0.7791662 0.6840699
0.7798283 0.684218347
0.7793783 0.683963537
0.7797467 0.684056759
0.7791662 0.6840699
0.7798283 0.684218347
0.7795367 0.683935344
0.7796551 0.683966
0.7797467 0.684056759
0.7793783 0.683963537
0.7795744 0.683817446
0.7796551 0.683966
0.7795367 0.683935344
0.777877152 0.6862141
0.7774051 0.685765147
0.7778133 0.6856759
0.7778133 0.6856759
0.777589738 0.6850149
0.7779639 0.68514514
0.779884636 0.6844674
0.7801271 0.6861464
0.7798256 0.685961068
0.777589738 0.6850149
0.7791662 0.6840699
0.7779639 0.68514514
0.7801271 0.6861464
0.779572 0.686427951
0.7798256 0.685961068
0.779126763 0.683846533
0.7793783 0.683963537
0.7791662 0.6840699
0.7793989 0.6838055
0.7795367 0.683935344
0.7793783 0.683963537
0.77909 0.68359375
0.7794434 0.683151
0.779399633 0.6836178
0.779399633 0.6836178
0.779698431 0.6832846
0.7796013 0.683670461
0.7796013 0.683670461
0.7799008 0.6833865
0.7797511 0.683734536
0.7799008 0.6833865
0.77990067 0.6838154
0.7797511 0.683734536
0.780403554 0.683583438
0.78032124 0.684195638
0.7800823 0.683951437
0.778089345 0.6836848
0.777589738 0.6850149
0.7760874 0.6843069
0.777589738 0.6850149
0.778089345 0.6836848
0.779126763 0.683846533
0.775468946 0.680127263
0.7770642 0.6790825
0.7773372 0.6799005
0.7848603 0.6825627
0.785176158 0.684544146
0.7841157 0.6829093
0.783246636 0.6808286
0.7841157 0.6829093
0.782689333 0.681440353
0.0282081366 0.9699763
0.0301556 0.975959659
0.02545911 0.9743958
0.0311598778 0.9706024
0.0358838439 0.975724
0.0301556 0.975959659
0.0345414281 0.9700123
0.0419884324 0.9724341
0.0358838439 0.975724
0.03795266 0.9678131
0.0459367633 0.96601063
0.0419884324 0.9724341
0.0459367633 0.96601063
0.0407038331 0.959831238
0.0458472371 0.9588422
0.0458472371 0.9588422
0.0392890573 0.9567574
0.043018043 0.953876257
0.0364893675 0.949650466
0.0331911445 0.952777267
0.0333164334 0.9487898
0.0333164334 0.9487898
0.0305870175 0.952829063
0.0295224786 0.9486389
0.0295224786 0.9486389
0.0275933743 0.9537161
0.0248690248 0.950009465
0.0248690248 0.950009465
0.0246472955 0.9566991
0.0204156041 0.9539449
0.0246472955 0.9566991
0.0178173184 0.960017443
0.0204156041 0.9539449
0.02331692 0.960888445
0.018386066 0.966549635
0.0178173184 0.960017443
0.299619049 0.96265763
0.300381064 0.9657778
0.2987069 0.964637458
0.0238492489 0.9650111
0.02139616 0.971469
0.018386066 0.966549635
0.0257098675 0.968114138
0.02545911 0.9743958
0.02139616 0.971469
0.0304532647 0.9795912
0.0358838439 0.975724
0.0378015637 0.978381634
0.0378015637 0.978381634
0.0419884324 0.9724341
0.0444984436 0.9738817
0.04521936 0.9530527
0.0458472371 0.9588422
0.043018043 0.953876257
0.0414155126 0.949505
0.043018043 0.953876257
0.0396603346 0.951111436
0.03745395 0.9472222
0.0396603346 0.951111436
0.0364893675 0.949650466
0.0331673026 0.9465035
0.0295224786 0.9486389
0.0285429955 0.9467045
0.0285429955 0.9467045
0.0248690248 0.950009465
0.0233713984 0.948512852
0.0233713984 0.948512852
0.0204156041 0.9539449
0.01872474 0.9528171
0.0155538321 0.9590887
0.0204156041 0.9539449
0.0178173184 0.960017443
0.0234514475 0.9780482
0.02139616 0.971469
0.02545911 0.9743958
0.2918564 0.975806534
0.295350373 0.9765428
0.293976247 0.9784263
0.3019918 0.96429795
0.3017561 0.9677452
0.300381064 0.9657778
0.2906413 0.9723609
0.2938926 0.9745818
0.2918564 0.975806534
0.3037213 0.96688056
0.30254212 0.9702447
0.3017561 0.9677452
0.2906413 0.9723609
0.293133885 0.9692568
0.2931106 0.971992731
0.304607838 0.9731782
0.30254212 0.9702447
0.3045746 0.969963849
0.290837973 0.9686966
0.294005454 0.9668831
0.293133885 0.9692568
0.303673565 0.976200342
0.3024859 0.9728897
0.304607838 0.9731782
0.3018793 0.978545368
0.3017019 0.9752503
0.303673565 0.976200342
0.294259727 0.963251948
0.296989739 0.964449167
0.2953893 0.96522826
0.296673417 0.9798568
0.298780054 0.977777839
0.2994592 0.9798568
0.2994592 0.9798568
0.300375521 0.9769479
0.3018793 0.978545368
0.2969149 0.9622557
0.2987069 0.964637458
0.296989739 0.964449167
0.0290967226 0.967808843
0.0311598778 0.9706024
0.0282081366 0.9699763
0.03697318 0.966262758
0.0402171 0.964093268
0.03795266 0.9678131
0.0381739736 0.9580057
0.0407038331 0.959831238
0.03929609 0.960253835
0.0347002149 0.955135643
0.0331911445 0.952777267
0.0354352 0.9533435
0.0326331258 0.95899874
0.03234601 0.959237158
0.0323216319 0.9589643
0.025062263 0.9607128
0.0294361115 0.9597526
0.0290154219 0.961123765
0.0254555941 0.9638414
0.0290154219 0.961123765
0.029245317 0.9625064
0.0307221413 0.961200655
0.0308480263 0.9618904
0.0269448757 0.9663102
0.029245317 0.9625064
0.029955864 0.96354413
0.0329859257 0.95911926
0.03280884 0.9592019
0.0328363776 0.959054
0.0316019654 0.968424559
0.0308960676 0.96414423
0.0319635868 0.964351654
0.0315990448 0.9626625
0.03207493 0.9627206
0.0290967226 0.967808843
0.029955864 0.96354413
0.0308960676 0.96414423
0.0311769247 0.96239084
0.0315990448 0.9626625
0.0343688726 0.96795696
0.0319635868 0.964351654
0.0331310034 0.964130044
0.0328363776 0.959054
0.0326304436 0.9591904
0.0326331258 0.95899874
0.03697318 0.966262758
0.0331310034 0.964130044
0.0342241526 0.9633894
0.03234601 0.959237158
0.0309222341 0.9585709
0.0323216319 0.9589643
0.0309222341 0.9585709
0.0308944583 0.9604592
0.0294361115 0.9597526
0.0342241526 0.9633894
0.0325956941 0.962565
0.0330956578 0.962166846
0.0306704044 0.955310941
0.0322808623 0.958374
0.028814137 0.95552063
0.028814137 0.95552063
0.0260356069 0.9575713
0.0280994773 0.955058634
0.0260356069 0.9575713
0.028814137 0.95552063
0.0294361115 0.9597526
0.0294361115 0.9597526
0.028814137 0.95552063
0.0309222341 0.9585709
0.03493309 0.962222636
0.03848815 0.9600091
0.0387576222 0.9635147
0.0387576222 0.9635147
0.03848815 0.9600091
0.03929609 0.960253835
0.03848815 0.9600091
0.0341092348 0.9603728
0.03401804 0.9592018
0.0290154219 0.961123765
0.0308944583 0.9604592
0.0307221413 0.961200655
0.03741777 0.958355069
0.03401804 0.9592018
0.03363383 0.958976448
0.0359910131 0.9568634
0.03363383 0.958976448
0.0333511829 0.958859444
0.029955864 0.96354413
0.0308480263 0.9618904
0.0311769247 0.96239084
0.03440702 0.955889046
0.0333511829 0.958859444
0.0331394672 0.958773732
0.03440702 0.955889046
0.0329390764 0.958667755
0.0326478481 0.9553986
0.0331310034 0.964130044
0.03207493 0.9627206
0.0325956941 0.962565
0.0331409574 0.9613686
0.03126514 0.9605741
0.0331228375 0.9598367
0.0323965549 0.9594615
0.0330644846 0.9595932
0.032610476 0.9593519
0.0329828858 0.9594378
0.0327715874 0.959321
0.0328907967 0.9593498
0.0323965549 0.9594615
0.0330644846 0.9595932
0.03126514 0.9605741
0.0323965549 0.9594615
0.0331228375 0.9598367
0.03280884 0.9592019
0.0328907967 0.9593498
0.0327715874 0.959321
0.0326304436 0.9591904
0.0327715874 0.959321
0.032610476 0.9593519
0.03234601 0.959237158
0.032610476 0.9593519
0.0323965549 0.9594615
0.03345591 0.9615464
0.03289354 0.961840034
0.0331409574 0.9613686
0.0308944583 0.9604592
0.0323965549 0.9594615
0.03126514 0.9605741
0.03345591 0.9615464
0.0331228375 0.9598367
0.03330785 0.959722042
0.0308944583 0.9604592
0.0311253071 0.9611073
0.0307221413 0.961200655
0.03330785 0.959722042
0.0330644846 0.9595932
0.03316939 0.9594715
0.0307221413 0.961200655
0.0311945677 0.961643934
0.0308480263 0.9618904
0.03363383 0.958976448
0.0335350037 0.9595802
0.0333101153 0.9593354
0.0331394672 0.958773732
0.0331333876 0.9592001
0.0329859257 0.95911926
0.0331394672 0.958773732
0.0328363776 0.959054
0.0329390764 0.958667755
0.0329390764 0.958667755
0.0326331258 0.95899874
0.0326803923 0.9585288
0.0326803923 0.9585288
0.0323216319 0.9589643
0.0322808623 0.958374
0.03345591 0.9615464
0.0341092348 0.9603728
0.03493309 0.962222636
0.0341092348 0.9603728
0.03330785 0.959722042
0.0335350037 0.9595802
0.0365549922 0.9562559
0.03741777 0.958355069
0.0359910131 0.9568634
0.0381739736 0.9580057
0.03848815 0.9600091
0.03741777 0.958355069
0.03039956 0.954492152
0.028814137 0.95552063
0.0280994773 0.955058634
0.586488 0.922808468
0.588632 0.9232974
0.5865705 0.9233472
0.588302255 0.9219755
0.5901644 0.9232363
0.596271753 0.929338455
0.6043116 0.925162256
0.601981759 0.9336103
0.596271753 0.929338455
0.598855138 0.9369523
0.5938238 0.9320063
0.5938238 0.9320063
0.592474341 0.9378159
0.589416862 0.93337363
0.589416862 0.93337363
0.585312963 0.938482761
0.5843272 0.9335535
0.5843272 0.9335535
0.5792229 0.937981546
0.5802798 0.9324121
0.5802798 0.9324121
0.5722523 0.932696342
0.5765046 0.929159164
0.5765046 0.929159164
0.570045233 0.927823365
0.5752319 0.9260334
0.5752319 0.9260334
0.569674 0.923031449
0.575172663 0.9231121
0.575172663 0.9231121
0.570276558 0.9192631
0.575758457 0.9206046
0.575758457 0.9206046
0.5728251 0.9136921
0.5774628 0.917624652
0.5790888 0.9216199
0.5801345 0.9199614
0.5805112 0.915039361
0.5728251 0.9136921
0.5785848 0.9093255
0.581850648 0.918480158
0.5774628 0.917624652
0.589301467 0.9142717
0.586042643 0.907753646
0.593301654 0.909411967
0.585312963 0.938482761
0.5790361 0.9591689
0.5792229 0.937981546
0.5920396 0.9599207
0.592474341 0.9378159
0.5981561 0.957998633
0.5933335 0.916411757
0.593301654 0.909411967
0.5991682 0.913446963
0.595994234 0.9195602
0.5991682 0.913446963
0.6026149 0.9183452
0.5862042 0.9222974
0.588302255 0.9219755
0.586488 0.922808468
0.587441444 0.9208336
0.589520931 0.921277
0.585713148 0.9218877
0.587441444 0.9208336
0.5862042 0.9222974
0.5850091 0.9216706
0.5861205 0.920083761
0.585713148 0.9218877
0.584300041 0.9217205
0.584561944 0.919918239
0.5850091 0.9216706
0.58367753 0.9220559
0.5831089 0.9203237
0.584300041 0.9217205
0.583239555 0.9225773
0.5819719 0.9211451
0.58367753 0.9220559
0.5830425 0.9232079
0.5812243 0.9221586
0.583239555 0.9225773
0.5831131 0.9238766
0.5808803 0.923254848
0.5830425 0.9232079
0.580964446 0.9244107
0.5797272 0.9232657
0.58156085 0.9255804
0.5831131 0.9238766
0.5834925 0.924483
0.582720041 0.9265654
0.5834925 0.924483
0.5841317 0.9249061
0.584324241 0.9270732
0.5841317 0.9249061
0.584910035 0.9250247
0.5860399 0.9268965
0.584910035 0.9250247
0.5856335 0.9248694
0.5875224 0.926023
0.5856335 0.9248694
0.5861871 0.924448669
0.5883068 0.9272002
0.5860399 0.9268965
0.586141467 0.9282329
0.5884081 0.9247087
0.5861871 0.924448669
0.586497068 0.923903465
0.589748 0.925365746
0.5875224 0.926023
0.5884081 0.9247087
0.5901644 0.9232363
0.589748 0.925365746
0.58563447 0.923419237
0.5865705 0.9233472
0.586497068 0.923903465
0.585484 0.9236252
0.586497068 0.923903465
0.5861871 0.924448669
0.5852134 0.923785567
0.5861871 0.924448669
0.5856335 0.9248694
0.5852134 0.923785567
0.584910035 0.9250247
0.584887743 0.923856
0.584887743 0.923856
0.5841317 0.9249061
0.5845541 0.923785031
0.5845541 0.923785031
0.5834925 0.924483
0.58428967 0.923612654
0.58428967 0.923612654
0.5831131 0.9238766
0.5841402 0.9233979
0.5841402 0.9233979
0.5830425 0.9232079
0.584114432 0.9231864
0.584114432 0.9231864
0.583239555 0.9225773
0.58420074 0.9229986
0.58420074 0.9229986
0.58367753 0.9220559
0.5843785 0.922836065
0.5843785 0.922836065
0.584300041 0.9217205
0.5846329 0.922725439
0.5852119 0.9227206
0.5850091 0.9216706
0.585713148 0.9218877
0.5854391 0.9228448
0.585713148 0.9218877
0.5862042 0.9222974
0.5855912 0.923012853
0.5862042 0.9222974
0.586488 0.922808468
0.5856621 0.923208237
0.586488 0.922808468
0.5865705 0.9233472
0.597391844 0.9239199
0.6026149 0.9183452
0.6043116 0.925162256
0.9483434 0.3843164
0.9505787 0.3840379
0.950488031 0.384604871
0.9469737 0.384047925
0.9487395 0.3829094
0.932923436 0.3837942
0.940338135 0.389117718
0.934134364 0.3923026
0.940338135 0.389117718
0.9367929 0.3958602
0.934134364 0.3923026
0.945310831 0.3869046
0.9424512 0.391895145
0.947175264 0.386179149
0.946866 0.389072418
0.9424512 0.391895145
0.9430058 0.3975692
0.9367929 0.3958602
0.9466353 0.393687963
0.95013833 0.39919287
0.9430058 0.3975692
0.951686263 0.394441068
0.9565399 0.399393618
0.95013833 0.39919287
0.9558878 0.393684149
0.964355469 0.3942698
0.9565399 0.399393618
0.95999074 0.390640974
0.96722734 0.389062375
0.964355469 0.3942698
0.96722734 0.389062375
0.961922765 0.3846239
0.967479765 0.384027719
0.967479765 0.384027719
0.961479 0.3821538
0.9666876 0.380406678
0.961922765 0.3846239
0.9582028 0.383175015
0.9584382 0.384795427
0.9571836 0.383512676
0.9666876 0.380406678
0.960072 0.3791819
0.9641619 0.375507027
0.961479 0.3821538
0.9574057 0.381432027
0.9641619 0.375507027
0.957352042 0.376476824
0.9594191 0.37123552
0.960072 0.3791819
0.9558459 0.379796863
0.9594191 0.37123552
0.953365 0.3748212
0.9527524 0.369011134
0.9527524 0.369011134
0.9488384 0.3748369
0.94569397 0.369635373
0.9487725 0.421071142
0.95013833 0.39919287
0.9565399 0.399393618
0.94569397 0.369635373
0.94457984 0.37653625
0.9394543 0.372729242
0.9394543 0.372729242
0.94159615 0.3794815
0.9354302 0.377199918
0.9487395 0.3829094
0.9509078 0.3834852
0.9505787 0.3840379
0.947707 0.382074982
0.949758649 0.381704032
0.94925797 0.380559683
0.949758649 0.381704032
0.951484144 0.383059621
0.9509078 0.3834852
0.9512768 0.381001264
0.952280343 0.3828962
0.951484144 0.383059621
0.9544744 0.381566733
0.953608453 0.383441269
0.953008354 0.383036137
0.95554477 0.382534564
0.9539813 0.3840175
0.953608453 0.383441269
0.956140757 0.383645028
0.9540941 0.384677023
0.9539813 0.3840175
0.956020355 0.385937333
0.9540941 0.384677023
0.9562939 0.3847828
0.957072139 0.3861488
0.957351744 0.384812832
0.955262065 0.387056
0.9539132 0.38534838
0.956020355 0.385937333
0.956267536 0.387566566
0.957072139 0.3861488
0.953995049 0.387928873
0.9534348 0.385891467
0.955262065 0.387056
0.9547715 0.3887741
0.956267536 0.387566566
0.95236814 0.388287961
0.9527563 0.386220932
0.953995049 0.387928873
0.9507086 0.387969732
0.952005744 0.3862584
0.95236814 0.388287961
0.9493426 0.387039721
0.9513393 0.386036158
0.9507086 0.387969732
0.9483434 0.3843164
0.947175264 0.386179149
0.9469737 0.384047925
0.950488031 0.384604871
0.951436341 0.384762615
0.9505998 0.385133952
0.9505998 0.385133952
0.9515664 0.3849607
0.9508651 0.385633349
0.9508651 0.385633349
0.9518117 0.385116339
0.9513393 0.386036158
0.9518117 0.385116339
0.952005744 0.3862584
0.9513393 0.386036158
0.95245 0.3851483
0.9534348 0.385891467
0.9527563 0.386220932
0.9527252 0.3850112
0.9539132 0.38534838
0.9534348 0.385891467
0.9539132 0.38534838
0.9529938 0.384636879
0.9540941 0.384677023
0.9540941 0.384677023
0.9529675 0.384432584
0.9539813 0.3840175
0.9539813 0.3840175
0.9528234 0.384227335
0.953608453 0.383441269
0.953608453 0.383441269
0.9525724 0.384059429
0.953008354 0.383036137
0.953008354 0.383036137
0.952252746 0.383978873
0.952280343 0.3828962
0.952252746 0.383978873
0.951484144 0.383059621
0.952280343 0.3828962
0.951484144 0.383059621
0.951671243 0.384171247
0.9509078 0.3834852
0.9509078 0.3834852
0.9514988 0.384351224
0.9505787 0.3840379
0.9505787 0.3840379
0.951419 0.3845538
0.950488031 0.384604871
0.9354302 0.377199918
0.9397899 0.383728445
0.932923436 0.3837942
0.378371179 0.143012181
0.3634084 0.191639915
0.395620048 0.1491804
0.299587667 0.240702733
0.2689132 0.170547247
0.241888508 0.180223554
0.378371179 0.143012181
0.397378325 0.0953227654
0.379168928 0.101768896
0.379168928 0.101768896
0.3630334 0.06263686
0.354938745 0.08042606
0.436373174 0.164706811
0.3691008 0.2065667
0.3805219 0.233841553
0.324254036 0.0832367241
0.2796582 0.10528902
0.301688015 0.113166578
0.3630334 0.06263686
0.410403371 0.08765832
0.368801832 0.044862248
0.241888508 0.180223554
0.2676192 0.1003298
0.243167952 0.09175729
0.35294807 0.174809933
0.317772865 0.195396379
0.3634084 0.191639915
0.296336 0.0237130467
0.2676192 0.1003298
0.311233938 0.04830429
0.322703063 0.176673576
0.282114685 0.16222994
0.317772865 0.195396379
0.37626493 0.0154902693
0.311233938 0.04830429
0.368801832 0.044862248
0.30105406 0.152757689
0.2796582 0.10528902
0.282114685 0.16222994
0.436373174 0.07401615
0.368801832 0.044862248
0.410403371 0.08765832
0.436373174 0.164706811
0.410403371 0.08765832
0.4071889 0.154016048
0.614463568 0.566569269
0.593972564 0.561606169
0.6120106 0.5580917
0.6267612 0.5838354
0.602880836 0.589109
0.6192056 0.575194657
0.604408264 0.512373
0.6213094 0.5189399
0.6184628 0.526251733
0.637800932 0.5922169
0.612069249 0.6030108
0.6267612 0.5838354
0.5995457 0.523253262
0.6184628 0.526251733
0.6151981 0.5322436
0.5957229 0.53560245
0.6151981 0.5322436
0.612031 0.5411714
0.5892062 0.5325195
0.5995457 0.523253262
0.6667866 0.60546726
0.640127957 0.629100263
0.6526484 0.6005517
0.5936678 0.548408449
0.612031 0.5411714
0.6110985 0.5497184
0.648904264 0.481777579
0.6655203 0.51409924
0.642701268 0.513378859
0.593972564 0.561606169
0.6110985 0.5497184
0.6120106 0.5580917
0.6329925 0.5101311
0.626587749 0.5086279
0.635281265 0.498311251
0.626587749 0.5086279
0.6275559 0.5107938
0.626621246 0.5103617
0.62299484 0.544097245
0.6302755 0.5449036
0.628904343 0.5472841
0.6473063 0.555116057
0.6398912 0.5478245
0.659784436 0.5463964
0.6398912 0.5478245
0.6383768 0.5512226
0.637936 0.5498162
0.6473063 0.555116057
0.6444823 0.572905064
0.6409726 0.5584166
0.632510066 0.557239056
0.6245461 0.559990048
0.6301226 0.5550694
0.62420094 0.5347346
0.659784436 0.5463964
0.630449 0.542098761
0.659784436 0.5463964
0.6511513 0.5736499
0.6473063 0.555116057
0.6360905 0.558603168
0.628504634 0.5650348
0.632510066 0.557239056
0.6218903 0.5494252
0.628904343 0.5472841
0.628489852 0.549879968
0.628811359 0.5525222
0.6218903 0.5494252
0.628489852 0.549879968
0.6409726 0.5584166
0.6348554 0.569545746
0.6360905 0.558603168
0.633079052 0.551815569
0.632379055 0.5507889
0.634022832 0.5475413
0.6321238 0.549637735
0.634022832 0.5475413
0.632379055 0.5507889
0.632313967 0.5485081
0.634022832 0.5475413
0.632875 0.5475371
0.6321238 0.549637735
0.628904343 0.5472841
0.632313967 0.5485081
0.6342047 0.5525443
0.6301226 0.5550694
0.633079052 0.551815569
0.635627449 0.5527672
0.632510066 0.557239056
0.6342047 0.5525443
0.637128949 0.55233705
0.6360905 0.558603168
0.635627449 0.5527672
0.6383768 0.5512226
0.6409726 0.5584166
0.637128949 0.55233705
0.630449 0.542098761
0.635092735 0.5454704
0.6302755 0.5449036
0.6302755 0.5449036
0.635092735 0.5454704
0.632875 0.5475371
0.62294 0.5384805
0.630449 0.542098761
0.6302755 0.5449036
0.6184628 0.526251733
0.642701268 0.513378859
0.6655203 0.51409924
0.6247853 0.5099087
0.626621246 0.5103617
0.625565 0.5109193
0.5859101 0.5625412
0.5936678 0.548408449
0.593972564 0.561606169
0.648904264 0.481777579
0.662186146 0.474832535
0.663440943 0.482531458
0.586217761 0.547028661
0.5957229 0.53560245
0.5936678 0.548408449
0.5939723 0.5191502
0.604408264 0.512373
0.5995457 0.523253262
0.604408264 0.512373
0.608443737 0.497658074
0.6135892 0.504629135
0.612069249 0.6030108
0.595758 0.5949135
0.602880836 0.589109
0.6198757 0.507106841
0.626587749 0.5086279
0.6247853 0.5099087
0.602880836 0.589109
0.589123368 0.5786114
0.5969602 0.5752146
0.6198757 0.507106841
0.6247853 0.5099087
0.624418259 0.5125999
0.624418259 0.5125999
0.625565 0.5109193
0.625623167 0.5114933
0.5969602 0.5752146
0.5859101 0.5625412
0.593972564 0.561606169
0.635565758 0.477887124
0.648904264 0.481777579
0.625581741 0.482435673
0.625581741 0.482435673
0.648904264 0.481777579
0.617158 0.4898715
0.617158 0.4898715
0.6135892 0.504629135
0.608443737 0.497658074
0.6135892 0.504629135
0.617158 0.4898715
0.648904264 0.481777579
0.6151981 0.5322436
0.62420094 0.5347346
0.62294 0.5384805
0.6444823 0.572905064
0.6267612 0.5838354
0.6348554 0.569545746
0.6224417 0.5547447
0.6110985 0.5497184
0.6218903 0.5494252
0.6218903 0.5494252
0.612031 0.5411714
0.62299484 0.544097245
0.6348554 0.569545746
0.6192056 0.575194657
0.628504634 0.5650348
0.666207731 0.5824339
0.6526484 0.6005517
0.6511513 0.5736499
0.628504634 0.5650348
0.614463568 0.566569269
0.6245461 0.559990048
0.6511513 0.5736499
0.637800932 0.5922169
0.6444823 0.572905064
0.6245461 0.559990048
0.6120106 0.5580917
0.6224417 0.5547447
0.612031 0.5411714
0.62294 0.5384805
0.62299484 0.544097245
0.6213094 0.5189399
0.6198757 0.507106841
0.624418259 0.5125999
0.635281265 0.498311251
0.642701268 0.513378859
0.6329925 0.5101311
0.6135892 0.504629135
0.635281265 0.498311251
0.6198757 0.507106841
0.6213094 0.5189399
0.628281355 0.5138111
0.642701268 0.513378859
0.642701268 0.513378859
0.628281355 0.5138111
0.6329925 0.5101311
0.626621246 0.5103617
0.62658 0.511677
0.625565 0.5109193
0.625565 0.5109193
0.62658 0.511677
0.625623167 0.5114933
0.628281355 0.5138111
0.6275559 0.5107938
0.6329925 0.5101311
0.62658 0.511677
0.624418259 0.5125999
0.625623167 0.5114933
0.628281355 0.5138111
0.62658 0.511677
0.6275559 0.5107938
0.662186146 0.474832535
0.6483906 0.4615244
0.6627726 0.4602967
0.567913532 0.5488965
0.5859101 0.5625412
0.568696141 0.570313156
0.6476666 0.475125939
0.635364 0.465077341
0.6483906 0.4615244
0.568696141 0.570313156
0.589123368 0.5786114
0.574062467 0.5910925
0.5939723 0.5191502
0.5716784 0.528227746
0.5803864 0.5103903
0.5716784 0.528227746
0.586217761 0.547028661
0.567913532 0.5488965
0.6131422 0.768307149
0.6042522 0.7496309
0.60745424 0.749417
0.615488052 0.775970459
0.6007104 0.7687201
0.598921955 0.775970459
0.6131422 0.768307149
0.610273 0.7479878
0.624278247 0.7624946
0.624278247 0.7624946
0.6123471 0.7455337
0.6320163 0.7527787
0.6301478 0.7676849
0.639697254 0.754686236
0.6320163 0.7527787
0.6133934 0.742404461
0.6353775 0.7410277
0.634073 0.7290621
0.6118219 0.735961437
0.628411531 0.718640268
0.628411531 0.718640268
0.6093663 0.7335963
0.6193363 0.7112938
0.6193363 0.7112938
0.606194437 0.7323455
0.608360052 0.708021939
0.587005138 0.7137887
0.60273695 0.7324678
0.599579632 0.7340079
0.579158664 0.722194552
0.599579632 0.7340079
0.5973213 0.736630559
0.5750636 0.7331608
0.5973213 0.736630559
0.5962966 0.739924
0.575505555 0.74500823
0.5962966 0.739924
0.5966696 0.7433609
0.580466151 0.7559168
0.5966696 0.7433609
0.598364532 0.746391
0.5892612 0.7642601
0.598364532 0.746391
0.6010457 0.7485941
0.6007104 0.7687201
0.6010457 0.7485941
0.6042522 0.7496309
0.372266173 0.8207957
0.368722558 0.8150561
0.373568833 0.8177664
0.3663602 0.8173782
0.365188837 0.810743451
0.368722558 0.8150561
0.362154424 0.8120298
0.363503158 0.805474162
0.365188837 0.810743451
0.360260665 0.8055706
0.363921 0.8000503
0.363503158 0.805474162
0.3609377 0.798984766
0.366412044 0.795273244
0.363921 0.8000503
0.369065225 0.7891492
0.366412044 0.795273244
0.3640402 0.793276
0.375416219 0.7872519
0.370629847 0.7919039
0.369065225 0.7891492
0.3925817 0.79644835
0.386267424 0.793913
0.3881693 0.791162431
0.394671679 0.8030057
0.389784932 0.798284
0.3925817 0.79644835
0.394096375 0.8098316
0.391400039 0.803604841
0.394671679 0.8030057
0.4134456 0.8143345
0.4134456 0.799110353
0.3909182 0.81587
0.3908807 0.809054732
0.394096375 0.8098316
0.3909182 0.81587
0.384197235 0.8170715
0.388357818 0.813763857
0.94249177 0.590124
0.946813 0.5835783
0.946735263 0.589648843
0.9785581 0.305565476
0.9711906 0.3087685
0.9760221 0.3035466
0.942624032 0.582378864
0.949170649 0.577937365
0.946813 0.5835783
0.9816751 0.297793269
0.9760221 0.3035466
0.9785359 0.2967896
0.8525218 0.785703
0.8515677 0.7977753
0.8465996 0.789660037
0.83106184 0.757014453
0.819247 0.754078448
0.828586638 0.7478454
0.8465996 0.789660037
0.840980947 0.8001315
0.839826941 0.790976942
0.8450302 0.756144047
0.8390417 0.7460739
0.8489226 0.7482393
0.8332673 0.7896246
0.8218282 0.7929766
0.8279037 0.786048055
0.8237479 0.7810813
0.8218282 0.7929766
0.8155116 0.7849168
0.8555142 0.7654498
0.8663088 0.7703916
0.85735 0.772368848
0.821652055 0.7746821
0.8155116 0.7849168
0.8123911 0.774755
0.85735 0.772368848
0.865735 0.7810094
0.856326044 0.7795279
0.822175145 0.767792463
0.8123911 0.774755
0.8134853 0.7638702
0.856326044 0.7795279
0.86058706 0.790976048
0.8525218 0.785703
0.8254083 0.7614765
0.8134853 0.7638702
0.819247 0.754078448
0.9816751 0.289346516
0.9785359 0.2967896
0.9783677 0.289549351
0.978566 0.2814653
0.9783677 0.289549351
0.97559613 0.282899857
0.8123911 0.774755
0.805164039 0.7610902
0.8134853 0.7638702
0.8155116 0.7849168
0.8042636 0.775395334
0.8123911 0.774755
0.8218282 0.7929766
0.8086911 0.788337946
0.8155116 0.7849168
0.8279714 0.8054599
0.8218282 0.7929766
0.8305863 0.7982755
0.841325 0.8082823
0.8305863 0.7982755
0.840980947 0.8001315
0.865735 0.7810094
0.868280232 0.79739213
0.86058706 0.790976048
0.8134853 0.7638702
0.8119352 0.7471755
0.819247 0.754078448
0.851635754 0.7416289
0.8570362 0.7533227
0.8489226 0.7482393
0.8570362 0.7533227
0.8692573 0.7573983
0.8630137 0.7607996
0.839179 0.738250136
0.8489226 0.7482393
0.8390417 0.7460739
0.8630137 0.7607996
0.8740153 0.769360662
0.8663088 0.7703916
0.8663088 0.7703916
0.8740153 0.783210039
0.865735 0.7810094
0.9452951 0.597281158
0.946735263 0.589648843
0.9489469 0.595223367
0.9506238 0.602760732
0.9489469 0.595223367
0.953113 0.59945333
0.9576902 0.605724
0.953113 0.59945333
0.9586084 0.6016946
0.951319456 0.309148431
0.9437578 0.306295872
0.946197152 0.304099679
0.946197152 0.304099679
0.9402454 0.298633516
0.9433393 0.297447145
0.970169067 0.5991986
0.96547544 0.6056893
0.9645869 0.601585448
0.9433393 0.297447145
0.939800262 0.290170074
0.943115234 0.2902124
0.9503123 0.278155148
0.95606184 0.271683335
0.9568802 0.275175273
0.9744384 0.5948411
0.9726744 0.6025217
0.970169067 0.5991986
0.943115234 0.2902124
0.942508 0.282116532
0.9455316 0.283452928
0.976772368 0.5892004
0.978098631 0.5968913
0.9744384 0.5948411
0.9455316 0.283452928
0.948102653 0.275631726
0.9503123 0.278155148
0.964938641 0.271835744
0.9706208 0.27781117
0.9640871 0.2750653
0.976828039 0.5831317
0.981020331 0.5896649
0.976772368 0.5892004
0.9727441 0.275307834
0.97559613 0.282899857
0.9706208 0.27781117
0.9745966 0.5775572
0.981020331 0.581918061
0.976828039 0.5831317
0.851200759 0.7597349
0.8489226 0.7482393
0.8570362 0.7533227
0.8334781 0.498822182
0.8231685 0.49408564
0.8201493 0.505844
0.8334781 0.47942844
0.8190103 0.482105225
0.8231685 0.49408564
0.8262821 0.467262834
0.8091439 0.47388956
0.8190103 0.482105225
0.8091439 0.47388956
0.7952713 0.46058163
0.7966695 0.471873015
0.7966695 0.471873015
0.7824579 0.464182168
0.7852159 0.4770206
0.778562367 0.48756215
0.762161 0.490831763
0.778210461 0.499847144
0.778210461 0.499847144
0.7636605 0.516032934
0.78318584 0.5100169
0.78318584 0.5100169
0.78258574 0.5340625
0.7909034 0.5163448
0.8081936 0.5357261
0.811221242 0.5140003
0.800620139 0.517827034
0.826136053 0.5172117
0.8201493 0.505844
0.811221242 0.5140003
0.8271367 0.601563
0.8350417 0.619275868
0.8334204 0.5987141
0.7869424 0.631148934
0.796282232 0.640101552
0.7963959 0.633598149
0.775355339 0.624407947
0.783655763 0.637027
0.7869424 0.631148934
0.7695866 0.6122731
0.7695302 0.6282975
0.775355339 0.624407947
0.7708937 0.5929211
0.7621611 0.6132904
0.7695866 0.6122731
0.783180952 0.5787541
0.7638581 0.5900009
0.7708937 0.5929211
0.8008501 0.574484
0.82440263 0.5790341
0.8019626 0.566706657
0.8194223 0.584960341
0.8334204 0.5987141
0.82440263 0.5790341
0.8008501 0.574484
0.805961847 0.5905956
0.8194223 0.584960341
0.81722 0.6048573
0.787453532 0.597927332
0.8152231 0.6150881
0.8152231 0.6150881
0.7838544 0.6045803
0.8078399 0.622206569
0.8078399 0.622206569
0.783936143 0.61239326
0.7978164 0.623586
0.7978164 0.623586
0.783936143 0.61239326
0.789010942 0.6197072
0.8078399 0.622206569
0.7838544 0.6045803
0.7838544 0.6045803
0.8152231 0.6150881
0.787453532 0.597927332
0.787453532 0.597927332
0.81722 0.6048573
0.792821467 0.593200564
0.8271367 0.601563
0.81722 0.6048573
0.8283704 0.61882925
0.7708937 0.5929211
0.7838544 0.6045803
0.787453532 0.597927332
0.7869424 0.631148934
0.7978164 0.623586
0.789010942 0.6197072
0.8194223 0.584960341
0.8130684 0.5955181
0.8271367 0.601563
0.8283704 0.61882925
0.8152231 0.6150881
0.8225716 0.62881875
0.783180952 0.5787541
0.787453532 0.597927332
0.792821467 0.593200564
0.775355339 0.624407947
0.789010942 0.6197072
0.783936143 0.61239326
0.8225716 0.62881875
0.8078399 0.622206569
0.8137975 0.6343555
0.7695866 0.6122731
0.783936143 0.61239326
0.7838544 0.6045803
0.7963959 0.633598149
0.8078399 0.622206569
0.7978164 0.623586
0.950488031 0.384604871
0.9485467 0.3857398
0.9483434 0.3843164
0.947175264 0.386179149
0.9493426 0.387039721
0.948471 0.388017237
0.9504796 0.389157146
0.95236814 0.388287961
0.952727 0.389390051
0.952727 0.389390051
0.953995049 0.387928873
0.9547715 0.3887741
0.9571836 0.383512676
0.9562939 0.3847828
0.956140757 0.383645028
0.956554055 0.382163376
0.956140757 0.383645028
0.95554477 0.382534564
0.955334842 0.380880356
0.95554477 0.382534564
0.9544744 0.381566733
0.9535182 0.379986167
0.9544744 0.381566733
0.952986658 0.3809791
0.9513477 0.379821777
0.952986658 0.3809791
0.9512768 0.381001264
0.9461102 0.381378
0.9469737 0.384047925
0.9450474 0.383921236
0.948087156 0.379499465
0.947707 0.382074982
0.9461102 0.381378
0.950754464 0.378546923
0.94925797 0.380559683
0.948087156 0.379499465
0.9582028 0.383175015
0.956554055 0.382163376
0.9574057 0.381432027
0.9581566 0.3865252
0.957351744 0.384812832
0.9584382 0.384795427
0.956267536 0.387566566
0.9581566 0.3865252
0.9571641 0.38834396
0.9547715 0.3887741
0.9571641 0.38834396
0.9550991 0.389998585
0.9504796 0.389157146
0.9524929 0.390705645
0.9494968 0.390396
0.948471 0.388017237
0.9494968 0.390396
0.946866 0.389072418
0.9450474 0.383921236
0.947175264 0.386179149
0.945310831 0.3869046
0.94159615 0.3794815
0.9450474 0.383921236
0.9397899 0.383728445
0.94457984 0.37653625
0.9461102 0.381378
0.94159615 0.3794815
0.9488384 0.3748369
0.948087156 0.379499465
0.94457984 0.37653625
0.957352042 0.376476824
0.953515768 0.3786947
0.953365 0.3748212
0.9558459 0.379796863
0.9535182 0.379986167
0.955334842 0.380880356
0.9615848 0.3875363
0.9584382 0.384795427
0.961922765 0.3846239
0.9571641 0.38834396
0.9615848 0.3875363
0.95999074 0.390640974
0.9550991 0.389998585
0.95999074 0.390640974
0.9558878 0.393684149
0.9494968 0.390396
0.951686263 0.394441068
0.9466353 0.393687963
0.946866 0.389072418
0.9466353 0.393687963
0.9424512 0.391895145
0.9397899 0.383728445
0.945310831 0.3869046
0.940338135 0.389117718
0.5901644 0.9232363
0.591197 0.920792639
0.5920801 0.9233655
0.589520931 0.921277
0.5894095 0.9188582
0.591197 0.920792639
0.5881256 0.9197434
0.586924434 0.9177265
0.5894095 0.9188582
0.5801177 0.921977341
0.5801345 0.9199614
0.580960751 0.9207216
0.5797272 0.9232657
0.5790888 0.9216199
0.5801177 0.921977341
0.578642845 0.923237264
0.575758457 0.9206046
0.5797651 0.9246241
0.578642845 0.923237264
0.5797272 0.9232657
0.580402255 0.9261101
0.5786662 0.9249823
0.5797651 0.9246241
0.579437 0.9268827
0.5752319 0.9260334
0.58177793 0.927464962
0.579437 0.9268827
0.580402255 0.9261101
0.586141467 0.9282329
0.5839052 0.9296666
0.5838028 0.928281546
0.5883068 0.9272002
0.5869795 0.9296327
0.586141467 0.9282329
0.589748 0.925365746
0.589782238 0.928483963
0.5883068 0.9272002
0.5915489 0.9263612
0.5938238 0.9320063
0.589748 0.925365746
0.5920801 0.9233655
0.5915489 0.9263612
0.586497068 0.923903465
0.588632 0.9232974
0.5884081 0.9247087
0.586141467 0.9282329
0.584324241 0.9270732
0.5860399 0.9268965
0.5838028 0.928281546
0.582720041 0.9265654
0.584324241 0.9270732
0.58177793 0.927464962
0.58156085 0.9255804
0.582720041 0.9265654
0.580402255 0.9261101
0.580964446 0.9244107
0.58156085 0.9255804
0.5808803 0.923254848
0.5801177 0.921977341
0.5812243 0.9221586
0.5812243 0.9221586
0.580960751 0.9207216
0.5819719 0.9211451
0.5819719 0.9211451
0.5822836 0.919564962
0.5831089 0.9203237
0.5831089 0.9203237
0.584123731 0.918863
0.584561944 0.919918239
0.584561944 0.919918239
0.586202 0.918892562
0.5861205 0.920083761
0.5920801 0.9233655
0.595994234 0.9195602
0.597391844 0.9239199
0.591197 0.920792639
0.5933335 0.916411757
0.595994234 0.9195602
0.5894095 0.9188582
0.589301467 0.9142717
0.5933335 0.916411757
0.586924434 0.9177265
0.584758043 0.9137505
0.589301467 0.9142717
0.5842407 0.917614162
0.5805112 0.915039361
0.584758043 0.9137505
0.584123731 0.918863
0.581850648 0.918480158
0.5822836 0.919564962
0.5786662 0.9249823
0.575172663 0.9231121
0.578642845 0.923237264
0.5813451 0.9287137
0.5765046 0.929159164
0.579437 0.9268827
0.5869795 0.9296327
0.5843272 0.9335535
0.5839052 0.9296666
0.589782238 0.928483963
0.589416862 0.93337363
0.5869795 0.9296327
0.5915489 0.9263612
0.597391844 0.9239199
0.596271753 0.929338455
0.378647447 0.840746
0.372266173 0.8207957
0.378999829 0.8217443
0.3935712 0.8380852
0.378999829 0.8217443
0.385551572 0.820042
0.406937957 0.8291315
0.385551572 0.820042
0.3909182 0.81587
0.406937957 0.8291315
0.394096375 0.8098316
0.4134456 0.8143345
0.4134456 0.799110353
0.3925817 0.79644835
0.40781033 0.785697639
0.40781033 0.785697639
0.3881693 0.791162431
0.3978684 0.7758115
0.3978684 0.7758115
0.382131755 0.7879426
0.3853625 0.7706092
0.3881693 0.791162431
0.3813792 0.7911672
0.386267424 0.793913
0.3853625 0.7706092
0.375416219 0.7872519
0.372317255 0.7705224
0.372317255 0.7705224
0.369065225 0.7891492
0.360718846 0.775103569
0.360718846 0.775103569
0.3640402 0.793276
0.352027 0.7830873
0.34327662 0.805360258
0.3609377 0.798984766
0.360260665 0.8055706
0.345709324 0.818177938
0.360260665 0.8055706
0.362154424 0.8120298
0.353046775 0.8295412
0.362154424 0.8120298
0.3663602 0.8173782
0.364503145 0.8375633
0.3663602 0.8173782
0.372266173 0.8207957
0.598921955 0.775970459
0.5892612 0.7642601
0.6007104 0.7687201
0.584327 0.7696968
0.580466151 0.7559168
0.5892612 0.7642601
0.573565364 0.7586301
0.575505555 0.74500823
0.580466151 0.7559168
0.567913532 0.744661868
0.5750636 0.7331608
0.575505555 0.74500823
0.5679476 0.729918
0.579158664 0.722194552
0.5750636 0.7331608
0.641063 0.7245467
0.628411531 0.718640268
0.6334945 0.71186924
0.643344 0.739527047
0.634073 0.7290621
0.641063 0.7245467
0.639697254 0.754686236
0.6353775 0.7410277
0.643344 0.739527047
0.615488052 0.775970459
0.624278247 0.7624946
0.6301478 0.7676849
0.773282945 0.786026955
0.7660474 0.771104038
0.765636 0.7839115
0.759762168 0.795178354
0.773282945 0.786026955
0.765636 0.7839115
0.726431251 0.8047653
0.7373394 0.813987732
0.7382919 0.8061918
0.716180563 0.799068749
0.722470045 0.8117267
0.726431251 0.8047653
0.7089624 0.790125668
0.7099162 0.8042128
0.716180563 0.799068749
0.705644667 0.7793933
0.701372862 0.7928839
0.7089624 0.790125668
0.7063739 0.7684216
0.697767138 0.7796993
0.705644667 0.7793933
0.703973651 0.7546377
0.7063739 0.7684216
0.7107144 0.7583367
0.713394 0.74466306
0.7107144 0.7583367
0.718658 0.750305057
0.7264187 0.738733232
0.718658 0.750305057
0.7293821 0.7457677
0.7668455 0.754478157
0.7526187 0.7504522
0.761359155 0.759331
0.773282945 0.7692694
0.761359155 0.759331
0.7660474 0.771104038
0.5852386 0.8115131
0.5887185 0.829744637
0.5936596 0.8256816
0.58567977 0.8353674
0.567913532 0.84169364
0.585041046 0.841847
0.585041046 0.841847
0.5703798 0.854444563
0.5869301 0.848187566
0.5869301 0.848187566
0.577719 0.86572057
0.591082 0.8534234
0.591082 0.8534234
0.5891327 0.873654842
0.5968879 0.8567557
0.5968879 0.8567557
0.6031902 0.876773059
0.603487551 0.857665
0.603487551 0.857665
0.61799556 0.874095142
0.6098926 0.855983257
0.6098926 0.855983257
0.631238461 0.8651925
0.615134239 0.8518958
0.631238461 0.8651925
0.618232965 0.8459865
0.615134239 0.8518958
0.637678266 0.8505106
0.618796349 0.8393079
0.618232965 0.8459865
0.637678266 0.835401356
0.61675334 0.832881153
0.618796349 0.8393079
0.632089853 0.82207644
0.612431049 0.8276893
0.61675334 0.832881153
0.622218132 0.812239647
0.606507242 0.8245168
0.612431049 0.8276893
0.08229846 0.8077342
0.0660557151 0.7984635
0.06543505 0.805231154
0.07728344 0.8201718
0.06543505 0.805231154
0.06234032 0.8113059
0.06768173 0.830094159
0.06234032 0.8113059
0.0572333932 0.8157492
0.05451727 0.835810065
0.0572333932 0.8157492
0.0509184 0.817874551
0.0393196344 0.835810065
0.0509184 0.817874551
0.04446405 0.817408
0.03874284 0.814428747
0.0393196344 0.835810065
0.04446405 0.817408
0.03460455 0.809333742
0.02646637 0.8278164
0.03874284 0.814428747
0.032710433 0.8029224
0.01835537 0.816042364
0.03460455 0.809333742
0.0333542824 0.7961903
0.0154902935 0.802573442
0.032710433 0.8029224
0.04144156 0.7857027
0.0247699022 0.778329253
0.036423564 0.790150642
0.0476475954 0.7835053
0.035042882 0.770913541
0.04144156 0.7857027
0.05417198 0.783926
0.04688877 0.7680309
0.0476475954 0.7835053
0.06892747 0.774314046
0.05417198 0.783926
0.05998403 0.786949039
0.0774593353 0.782977045
0.05998403 0.786949039
0.06413382 0.792044938
0.8042636 0.8737354
0.8218802 0.867298543
0.8212253 0.8740897
0.8135 0.849554539
0.830045342 0.8567242
0.824981153 0.8612081
0.8237423 0.8421476
0.83630383 0.8545097
0.830045342 0.8567242
0.8355594 0.839262962
0.842879832 0.8549332
0.83630383 0.8545097
0.8575446 0.8455287
0.842879832 0.8549332
0.8470172 0.8408398
0.8660518 0.85417676
0.8487377 0.8579791
0.8575446 0.8455287
0.8708423 0.8658561
0.8529231 0.8631158
0.8660518 0.85417676
0.870860159 0.87887305
0.854865253 0.869588733
0.8708423 0.8658561
0.8658544 0.8912688
0.854245 0.8764166
0.870860159 0.87887305
0.856283545 0.9011535
0.8511293 0.8825485
0.8658544 0.8912688
0.843167365 0.9068475
0.845980465 0.887036264
0.856283545 0.9011535
0.828022063 0.9068475
0.8396072 0.8891845
0.843167365 0.9068475
0.828022063 0.9068475
0.8273096 0.8857044
0.8330883 0.888713658
0.8152101 0.898885
0.823132753 0.8805599
0.8273096 0.8857044
0.807125032 0.8871563
0.8212253 0.8740897
0.823132753 0.8805599
0.50211215 0.155093476
0.510383368 0.166551486
0.524781942 0.152549163
0.5183106 0.14451386
0.520741165 0.177182749
0.533015132 0.186952874
0.544142663 0.166503921
0.5159275 0.183915928
0.5291125 0.194623247
0.533015132 0.186952874
0.5469226 0.195946768
0.557122052 0.172575787
0.5291125 0.194623247
0.543615043 0.20417814
0.531676352 0.118435279
0.531986654 0.122520223
0.53832 0.120742247
0.53812325 0.118795708
0.531986654 0.122520223
0.533518255 0.126310542
0.5392538 0.122568563
0.53832 0.120742247
0.543615043 0.20417814
0.5586029 0.212722465
0.5615736 0.204467222
0.5469226 0.195946768
0.50879544 0.10658063
0.5198342 0.109921351
0.519812167 0.105152175
0.510130167 0.0990778357
0.544142663 0.166503921
0.557122052 0.172575787
0.557449162 0.1501093
0.533015132 0.186952874
0.513271868 0.136192337
0.5183106 0.14451386
0.528873742 0.136629179
0.524899542 0.13039808
0.52624464 0.0282093734
0.518825769 0.0154902786
0.5068314 0.0249556452
0.513486147 0.0368553251
0.513486147 0.0368553251
0.5068314 0.0249556452
0.4970035 0.0351504534
0.503893733 0.0456836373
0.495421648 0.159069911
0.48894912 0.145153835
0.4759757 0.154657319
0.484471738 0.170988664
0.496788263 0.0547148436
0.4891131 0.04576154
0.48282975 0.05707164
0.4925537 0.06505163
0.503893733 0.0456836373
0.4970035 0.0351504534
0.4891131 0.04576154
0.496788263 0.0547148436
0.504588842 0.172017738
0.495421648 0.159069911
0.484471738 0.170988664
0.495282352 0.185487077
0.4925537 0.06505163
0.48282975 0.05707164
0.476670325 0.06947692
0.487624 0.07648666
0.5159275 0.183915928
0.504588842 0.172017738
0.495282352 0.185487077
0.507597148 0.198136643
0.5291125 0.194623247
0.5159275 0.183915928
0.507597148 0.198136643
0.5209928 0.209141
0.543615043 0.20417814
0.5291125 0.194623247
0.5209928 0.209141
0.5352751 0.2187105
0.543615043 0.20417814
0.5352751 0.2187105
0.5502318 0.226855233
0.5586029 0.212722465
0.7660474 0.771104038
0.761359155 0.759331
0.7450515 0.771452546
0.746089339 0.774911344
0.741339564 0.7457374
0.7293821 0.7457677
0.736013353 0.7667964
0.7412261 0.738250136
0.5980245 0.854088366
0.5968879 0.8567557
0.603487551 0.857665
0.603479743 0.8547928
0.2929186 0.853014946
0.28911832 0.845139861
0.27846837 0.8474587
0.2788957 0.8556141
0.949883938 0.1693353
0.952032864 0.173338354
0.9575854 0.171056092
0.9569776 0.166508675
0.9769025 0.175031722
0.971504 0.169577062
0.969092 0.173499286
0.9733038 0.1778509
0.2494897 0.794610858
0.256796032 0.801469445
0.2662431 0.7951472
0.262990355 0.7871834
0.9569776 0.166508675
0.9575854 0.171056092
0.9635813 0.171109378
0.9645333 0.166632414
0.262990355 0.7871834
0.2662431 0.7951472
0.276773632 0.793393
0.276811033 0.785554
0.979843438 0.182187438
0.9769025 0.175031722
0.9733038 0.1778509
0.975567341 0.183512032
0.3006132 0.808014631
0.294651955 0.8006446
0.289007 0.80685544
0.293271482 0.812441647
0.275982678 0.802298069
0.276773632 0.793393
0.2662431 0.7951472
0.269011557 0.8040851
0.305917978 0.8446844
0.298259646 0.838283062
0.28911832 0.845139861
0.2929186 0.853014946
0.971504 0.169577062
0.9645333 0.166632414
0.9635813 0.171109378
0.969092 0.173499286
0.8221201 0.937828
0.822559357 0.9409707
0.829642653 0.9408869
0.8303652 0.937899768
0.264431566 0.826818645
0.261231154 0.8284801
0.26542443 0.8335017
0.262901455 0.8216492
0.25917086 0.8219679
0.263510346 0.816145539
0.2598027 0.8149477
0.2663098 0.8111637
0.263208419 0.8085412
0.269011557 0.8040851
0.270854682 0.8076134
0.275982678 0.802298069
0.276296645 0.8061533
0.282948434 0.803318858
0.281772554 0.8069328
0.289007 0.80685544
0.286506116 0.809691548
0.289824456 0.8140657
0.293271482 0.812441647
0.2912802 0.819424748
0.29515332 0.819259465
0.290499568 0.8250132
0.29422614 0.8264315
0.287487924 0.8299601
0.290465862 0.832753658
0.284473628 0.836913
0.2828391 0.833342552
0.277564853 0.838377
0.27743727 0.8346243
0.2708723 0.8370853
0.272145629 0.83372283
0.26542443 0.8335017
0.2676945 0.830957
0.264431566 0.826818645
0.9443887 0.174717486
0.9477616 0.177610934
0.952032864 0.173338354
0.949883938 0.1693353
0.8212993 0.9809073
0.8298071 0.980524
0.828857064 0.9774484
0.8217323 0.9776572
0.81303215 0.977815866
0.8212993 0.9809073
0.8217323 0.9776572
0.8150313 0.9749236
0.95654577 0.205681145
0.9643826 0.205681145
0.9633762 0.201798916
0.9573715 0.201722264
0.8143314 0.941004634
0.815903068 0.9438259
0.822559357 0.9409707
0.8221201 0.937828
0.119997025 0.7614118
0.13399297 0.7516744
0.136015236 0.7653637
0.129625261 0.775941968
0.113593519 0.777898669
0.119997025 0.7614118
0.129625261 0.775941968
0.129436314 0.7880366
0.133280158 0.8224342
0.141008556 0.8038025
0.150491476 0.8050827
0.160058558 0.823613644
0.361019135 0.9204306
0.385255754 0.913958132
0.374007523 0.920458853
0.349770755 0.913881
0.391749978 0.9026704
0.3432766 0.9025651
0.391749978 0.889620245
0.3432766 0.889514863
0.385255754 0.878304243
0.349770755 0.8782272
0.374007434 0.871754766
0.361019045 0.8717266
0.518949866 0.7781695
0.512277 0.7780116
0.513055563 0.7602922
0.518949866 0.757199168
0.507361054 0.7513439
0.5109209 0.7456728
0.49707672 0.7455387
0.497399479 0.7386832
0.457321018 0.7911129
0.471417218 0.8031926
0.468678981 0.8099917
0.450544983 0.7952595
0.453001529 0.7734225
0.5002538 0.76711446
0.4826763 0.7903388
0.4931021 0.7597593
0.4765176 0.786885738
0.8526743 0.6840502
0.8425568 0.6772785
0.8413337 0.683918953
0.84575516 0.6876812
0.84756875 0.286963642
0.8602503 0.295679361
0.871309042 0.2861564
0.867990136 0.271683276
0.884224832 0.290045142
0.8726862 0.289779246
0.873652756 0.2918212
0.882996738 0.292316854
0.3586612 0.971695065
0.3598843 0.978335559
0.370001823 0.9715639
0.363082677 0.9679328
0.475066453 0.889489
0.4740999 0.891531
0.485638529 0.8912651
0.484410435 0.8889934
0.448982447 0.8943466
0.469403774 0.909626961
0.4727228 0.8951538
0.461664 0.8856309
0.0555139631 0.157828376
0.08726638 0.183455035
0.04724264 0.233530208
0.0154902693 0.207903564
0.138658389 0.06518344
0.179155543 0.0154902693
0.210907951 0.0411169231
0.170410842 0.09081007
0.07601516 0.134333685
0.107767545 0.15996033
0.08726638 0.183455035
0.0555139631 0.157828376
0.193194628 0.299610376
0.171908289 0.3000456
0.172420368 0.282979548
0.151683 0.283979923
0.151495367 0.3008271
0.151880756 0.2435975
0.17285426 0.24240081
0.130936652 0.244868889
0.131124973 0.285270154
0.109946795 0.246227935
0.131350949 0.302133083
0.110426165 0.286868751
0.111020446 0.303976685
0.155410126 0.369223267
0.16179429 0.3896168
0.139946833 0.391097218
0.169665679 0.36768654
0.139946833 0.391097218
0.140766785 0.3699395
0.12642169 0.370104849
0.138658389 0.06518344
0.170410842 0.09081007
0.150457919 0.113289841
0.1187055 0.0876631662
0.1187055 0.0876631662
0.150457919 0.113289841
0.136227787 0.12884666
0.1044754 0.10322
0.121997677 0.1444035
0.0902452841 0.11877685
0.107767545 0.15996033
0.07601516 0.134333685
0.110426165 0.286868751
0.08924632 0.2887081
0.08885554 0.247639373
0.111020446 0.303976685
0.898549139 0.465728
0.893051445 0.465330154
0.893144548 0.46029672
0.8996861 0.460890323
0.8824172 0.4683729
0.8779716 0.471615165
0.8748207 0.467653126
0.880193949 0.4637836
0.8779716 0.471615165
0.8743984 0.475602359
0.870523453 0.4724191
0.8748207 0.467653126
0.8701566 0.5106597
0.8741145 0.507646561
0.8772843 0.511503339
0.8739632 0.5152824
0.8739632 0.5152824
0.8772843 0.511503339
0.8812697 0.514806032
0.8787826 0.5192393
0.8787826 0.5192393
0.8812697 0.514806032
0.88597 0.5173334
0.884573638 0.522184134
0.884573638 0.522184134
0.88597 0.5173334
0.891291261 0.518592358
0.8910342 0.5236385
0.8910342 0.5236385
0.891291261 0.518592358
0.8968222 0.518669963
0.897651553 0.52359724
0.8920079 0.5120826
0.893766165 0.499209017
0.8947604 0.4992756
0.895947 0.512229443
0.887526035 0.46612218
0.8824172 0.4683729
0.880193949 0.4637836
0.8864629 0.461192876
0.891291261 0.518592358
0.8920079 0.5120826
0.895947 0.512229443
0.8968222 0.518669963
0.8933047 0.47195062
0.8893941 0.47262308
0.887526035 0.46612218
0.893051445 0.465330154
0.893051445 0.465330154
0.887526035 0.46612218
0.8864629 0.461192876
0.893144548 0.46029672
0.970419049 0.100979745
0.9699588 0.1013664
0.968584955 0.0999589
0.968853951 0.09938592
0.977580965 0.11321336
0.9789023 0.1130963
0.9777013 0.116574764
0.978218853 0.109960377
0.971004665 0.103061557
0.9699588 0.1013664
0.970419049 0.100979745
0.971611142 0.102903008
0.9716916 0.104980588
0.972383738 0.105044663
0.9719969 0.107051909
0.9727238 0.10731
0.9719046 0.109196246
0.9726287 0.109608948
0.971406341 0.111329556
0.972104669 0.111858666
0.970514 0.113361835
0.9711727 0.113976836
0.969253063 0.115205228
0.9698655 0.115885019
0.9676664 0.116784394
0.9682357 0.117515206
0.966341734 0.118789673
0.965830863 0.118032336
0.9642761 0.119681478
0.9638343 0.118899822
0.962113261 0.1201632
0.961758137 0.119367778
0.9599266 0.120222092
0.9596838 0.119429767
0.9577856 0.119851589
0.9576868 0.1190902
0.9557615 0.119050264
0.955837548 0.118363261
0.9763436 0.116308928
0.9777013 0.116574764
0.975790262 0.119815588
0.977580965 0.11321336
0.9745342 0.119133115
0.975790262 0.119815588
0.9732239 0.122665882
0.9763436 0.116308928
0.9732239 0.122665882
0.970087767 0.124862611
0.9694481 0.123556018
0.9721808 0.121568143
0.970087767 0.124862611
0.9666294 0.126368284
0.966426134 0.124949634
0.9694481 0.123556018
0.9666294 0.126368284
0.9629947 0.127127051
0.963214457 0.125740111
0.966426134 0.124949634
0.9629947 0.127127051
0.9593403 0.127137423
0.9599086 0.125909328
0.963214457 0.125740111
0.950460553 0.0938879251
0.953763 0.09195453
0.954274535 0.0933061242
0.951405048 0.09508169
0.953763 0.09195453
0.957283 0.09074992
0.9573531 0.0921525955
0.954274535 0.0933061242
0.9515861 0.103315115
0.950644255 0.105424106
0.9453176 0.10319519
0.946807742 0.100097
0.960692465 0.09717232
0.9585271 0.0976571441
0.9573531 0.0921525955
0.9605316 0.0916069746
0.9776403 0.103415012
0.972383738 0.105044663
0.971611142 0.102903008
0.976419866 0.100352108
0.976419866 0.100352108
0.971611142 0.102903008
0.970419049 0.100979745
0.974640846 0.09761655
0.9565984 0.125434279
0.9577856 0.119851589
0.9599266 0.120222092
0.9599086 0.125909328
0.9599086 0.125909328
0.9599266 0.120222092
0.962113261 0.1201632
0.963214457 0.125740111
0.978218853 0.109960377
0.9793953 0.1095472
0.9789023 0.1130963
0.978241146 0.106658459
0.968853951 0.09938592
0.968584955 0.0999589
0.9669481 0.09889668
0.9670224 0.09820187
0.9651054 0.0982043147
0.965006232 0.0974399447
0.9631141 0.09789413
0.962874651 0.09709811
0.9610397 0.09797537
0.960692465 0.09717232
0.958956063 0.09845054
0.9585271 0.0976571441
0.956948 0.0993109941
0.956453145 0.09854084
0.9550992 0.100547075
0.954548 0.09980327
0.952906 0.101419985
0.9534994 0.102111995
0.9515861 0.103315115
0.952226162 0.103941381
0.950644255 0.105424106
0.9513264 0.105961561
0.9501191 0.1076709
0.950830638 0.108088017
0.950035155 0.109974563
0.9507514 0.110232055
0.950404346 0.112246454
0.951083362 0.112304926
0.951218843 0.114383042
0.95180136 0.114219308
0.946807742 0.100097
0.9454396 0.09970033
0.947645545 0.0965490341
0.9453176 0.10319519
0.95180136 0.114219308
0.952853441 0.115888476
0.9524268 0.116250396
0.951218843 0.114383042
0.9453176 0.10319519
0.9439318 0.103200912
0.9454396 0.09970033
0.9444389 0.106545985
0.9524268 0.116250396
0.952853441 0.115888476
0.9542037 0.117277145
0.953938842 0.117830515
0.957283 0.09074992
0.9608624 0.09029442
0.9605316 0.0916069746
0.9573531 0.0921525955
0.9444389 0.106545985
0.943158269 0.1068871
0.9439318 0.103200912
0.9442212 0.11004287
0.953938842 0.117830515
0.9542037 0.117277145
0.955837548 0.118363261
0.9557615 0.119050264
0.9766779 0.09602028
0.9753175 0.09711832
0.973142564 0.09478998
0.974280536 0.09347594
0.9558072 0.126430809
0.9593403 0.127137423
0.9590695 0.129028082
0.9551825 0.128245711
0.974280536 0.09347594
0.973142564 0.09478998
0.9705499 0.09287989
0.971431434 0.09135407
0.9593403 0.127137423
0.9629947 0.127127051
0.963092744 0.129028082
0.9590695 0.129028082
0.971431434 0.09135407
0.9705499 0.09287989
0.9676006 0.09144038
0.9681765 0.0897493958
0.9629947 0.127127051
0.9666294 0.126368284
0.967099547 0.128210187
0.963092744 0.129028082
0.9681765 0.0897493958
0.9676006 0.09144038
0.9643438 0.09054905
0.964575469 0.0887515545
0.9666294 0.126368284
0.970087767 0.124862611
0.970921636 0.126576781
0.967099547 0.128210187
0.964575469 0.0887515545
0.9643438 0.09054905
0.9608624 0.09029442
0.96072346 0.08846116
0.970087767 0.124862611
0.9732239 0.122665882
0.9743969 0.1241591
0.970921636 0.126576781
0.96072346 0.08846116
0.9608624 0.09029442
0.957283 0.09074992
0.9567658 0.08895886
0.9067944 0.6838099
0.9078395 0.6822927
0.911511242 0.68396014
0.9080826 0.6872743
0.205025315 0.5332316
0.2096042 0.5315356
0.207640529 0.533464
0.203298092 0.5306876
0.2096042 0.5283518
0.203298092 0.5275037
0.20787698 0.525807738
0.205261767 0.525575459
0.209160864 0.855747938
0.2064212 0.8547331
0.207986 0.8545942
0.205387712 0.8562553
0.209160864 0.8576529
0.205387712 0.858160257
0.208127379 0.859175
0.206562638 0.859314
0.9044813 0.6797814
0.9056435 0.679719567
0.9054514 0.6801659
0.904673338 0.68023926
0.294626355 0.6675798
0.2714846 0.6662892
0.282305062 0.65775007
0.291517377 0.6836261
0.3122961 0.6840452
0.308757782 0.6694194
0.282305062 0.65775007
0.307105958 0.710557938
0.285364866 0.709930837
0.266294718 0.6928022
0.291517377 0.7363787
0.3122961 0.736798048
0.266294718 0.7254049
0.2714846 0.7516452
0.29419446 0.7545734
0.246261939 0.7080684
0.251283 0.680435836
0.241888508 0.6931633
0.246895209 0.6730761
0.254848361 0.6674982
0.254848361 0.6674982
0.282305062 0.65775007
0.780094564 0.353208631
0.813032746 0.357070655
0.8094065 0.371933
0.7813164 0.3297654
0.762925 0.332635969
0.801628053 0.3225651
0.791409969 0.303970724
0.769575953 0.303694874
0.8057337 0.293455571
0.792055964 0.281704217
0.813032746 0.27768752
0.803406358 0.2716833
0.872792542 0.594424367
0.868171751 0.575920463
0.90081203 0.566706657
0.9115112 0.588799834
0.8871618 0.615701556
0.8660223 0.6224233
0.9057319 0.6228478
0.8922361 0.6386578
0.9115112 0.643758535
0.140379578 0.619987369
0.152500778 0.6151414
0.162523061 0.623595834
0.144285291 0.6390876
0.167717785 0.647714436
0.150137156 0.6632266
0.129644424 0.6640813
0.1243532 0.6400603
0.1675593 0.678039432
0.185850412 0.6627511
0.1808941 0.68867
0.144028813 0.6881549
0.162030548 0.7031353
0.178445011 0.705770135
0.153978556 0.71338594
0.140770346 0.7059667
0.129746825 0.7073567
0.124070972 0.689150751
0.11622104 0.6650664
0.9254986 0.7396062
0.9332323 0.728759348
0.940430641 0.7383848
0.9324369 0.7564698
0.9152577 0.7635466
0.9278269 0.783308446
0.904995859 0.7400047
0.9269328 0.720194042
0.9132308 0.7861811
0.940430641 0.8082824
0.939562559 0.839262962
0.9245126 0.8541834
0.909028351 0.8606376
0.9158521 0.8694524
0.9290665 0.8736835
0.920582831 0.8923893
0.9018407 0.8864499
0.9384116 0.888631165
0.932566166 0.899843037
0.932566166 0.899843037
0.932861269 0.914837062
0.9121561 0.9122352
0.113593549 0.6509751
0.119365543 0.6307029
0.121899754 0.632713139
0.116226166 0.6520595
0.116173 0.6809362
0.113593549 0.6823534
0.129746825 0.7073567
0.12808767 0.7105683
0.192069381 0.679865837
0.17991218 0.7089255
0.178445011 0.705770135
0.189619392 0.6787237
0.189574987 0.649682343
0.192069381 0.6484875
0.184560567 0.630778968
0.1870335 0.628557861
0.119365543 0.6307029
0.125505716 0.6241481
0.127538 0.626759052
0.121899754 0.632713139
0.177661151 0.6251876
0.179471225 0.6224375
0.1870335 0.628557861
0.184560567 0.630778968
0.5345696 0.6428782
0.536932945 0.7077027
0.447420061 0.700395465
0.445427 0.645727038
0.533932149 0.5839821
0.454465359 0.5852194
0.457466245 0.5204213
0.536932945 0.519184053
0.353248179 0.727207839
0.34327662 0.7277686
0.343580842 0.6740997
0.3535524 0.6735389
0.113593519 0.9127857
0.113593519 0.858081
0.174407125 0.8545942
0.174407125 0.9194616
0.405059516 0.667917967
0.411238134 0.7267368
0.4002425 0.727207839
0.394063771 0.668389
0.4002425 0.727207839
0.400301039 0.7395419
0.3533067 0.7395419
0.353248179 0.727207839
0.3522513 0.6629
0.3927626 0.65775007
0.394063771 0.668389
0.3535524 0.6735389
0.389531016 0.6766378
0.357768655 0.6792693
0.3535524 0.6735389
0.394063771 0.668389
0.4002425 0.727207839
0.3535524 0.6735389
0.357768655 0.6792693
0.3584699 0.7190614
0.353248179 0.727207839
0.662401557 0.945904255
0.6352922 0.946901262
0.6352922 0.908750534
0.662401557 0.907753646
0.310559928 0.5371108
0.26052177 0.487613
0.242355943 0.506152153
0.292393982 0.5556501
0.292393982 0.5556501
0.2418885 0.604670763
0.2661649 0.6267694
0.316670477 0.577748656
0.367176 0.6267694
0.385341763 0.608230233
0.334836423 0.559209347
0.316670477 0.577748656
0.378908038 0.504331946
0.354631424 0.482233256
0.310559928 0.5371108
0.334836423 0.559209347
0.9555559 0.461250573
0.9555559 0.4940789
0.9814941 0.493125
0.9814941 0.46029672
0.316670477 0.577748656
0.334836423 0.559209347
0.310559928 0.5371108
0.292393982 0.5556501
0.7192881 0.460913658
0.7311805 0.46065557
0.7311805 0.707011342
0.7192885 0.7072696
0.7192881 0.460913658
0.7192885 0.7072696
0.7093251 0.7066526
0.7093247 0.4602967
0.697767138 0.46065557
0.7093247 0.4602967
0.7093251 0.7066526
0.6977679 0.7070115
0.86641407 0.171845436
0.865771949 0.165691614
0.9048985 0.165773511
0.9052594 0.1692316
0.9079021 0.181129992
0.871117055 0.193019927
0.869239569 0.185732424
0.9068471 0.177035153
0.867982268 0.145011544
0.8700054 0.137882
0.9072774 0.150146484
0.906140566 0.154152811
0.865771949 0.165691614
0.8657874 0.159367859
0.9049072 0.16222
0.9048985 0.165773511
0.869239569 0.185732424
0.867614269 0.1785019
0.905933738 0.172972023
0.9068471 0.177035153
0.9072774 0.150146484
0.8700054 0.137882
0.872444 0.131573081
0.9086477 0.1466015
0.910243332 0.1882447
0.8752836 0.205681145
0.8731135 0.199741364
0.909024 0.18490696
0.8657874 0.159367859
0.8665316 0.152395666
0.9053255 0.158302248
0.9049072 0.16222
0.867614269 0.1785019
0.86641407 0.171845436
0.9052594 0.1692316
0.905933738 0.172972023
0.9086477 0.1466015
0.872444 0.131573081
0.8752836 0.126075983
0.910243332 0.143512428
0.909024 0.18490696
0.8731135 0.199741364
0.871117055 0.193019927
0.9079021 0.181129992
0.9053255 0.158302248
0.8665316 0.152395666
0.867982268 0.145011544
0.906140566 0.154152811
0.865772 0.0551059246
0.865787446 0.0487822
0.9049073 0.05163431
0.9048986 0.05518779
0.8679823 0.0344257951
0.8700054 0.0272963345
0.9072775 0.0395608246
0.9061406 0.04356712
0.869239569 0.0751467943
0.9068471 0.0664493144
0.9079022 0.0705443
0.871117055 0.08243418
0.86641407 0.0612597764
0.865772 0.0551059246
0.9048986 0.05518779
0.9052594 0.0586458445
0.8679823 0.0344257951
0.9061406 0.04356712
0.9053255 0.0477165
0.86653167 0.0418100357
0.871117055 0.08243418
0.9079022 0.0705443
0.909023941 0.0743213
0.8731135 0.0891556442
0.8752836 0.0154902637
0.9102434 0.03292671
0.9086477 0.03601569
0.872444 0.0209874213
0.8676143 0.0679162145
0.86641407 0.0612597764
0.9052594 0.0586458445
0.9059338 0.0623863041
0.865787446 0.0487822
0.86653167 0.0418100357
0.9053255 0.0477165
0.9049073 0.05163431
0.8731135 0.0891556442
0.909023941 0.0743213
0.9102434 0.07765898
0.8752836 0.0950954556
0.872444 0.0209874213
0.9086477 0.03601569
0.9072775 0.0395608246
0.8700054 0.0272963345
0.869239569 0.0751467943
0.8676143 0.0679162145
0.9059338 0.0623863041
0.9068471 0.0664493144
0.782124162 0.6779216
0.783148944 0.6742157
0.786335766 0.6756642
0.7841112 0.6792236
0.7841112 0.6792236
0.786335766 0.6756642
0.789704859 0.6784252
0.7859688 0.6813228
0.972017169 0.842533648
0.974161565 0.840259135
0.975291133 0.8422354
0.9739073 0.8438903
0.770154834 0.702649236
0.7649951 0.697592854
0.7680775 0.6960655
0.765060365 0.6911435
0.7649951 0.697592854
0.7621611 0.6910142
0.765060365 0.6911435
0.7644955 0.684605658
0.7799625 0.673371434
0.779798031 0.6710821
0.78410244 0.671773851
0.783148944 0.6742157
0.791907966 0.6775984
0.7949685 0.6833102
0.792533457 0.683384836
0.7926216 0.690538466
0.7949685 0.6833102
0.7949685 0.6910433
0.7926216 0.690538466
0.7912037 0.698412836
0.776860535 0.700539947
0.77717 0.704174638
0.770154834 0.702649236
0.772151947 0.6989853
0.9769614 0.8546426
0.976575255 0.8568639
0.973878145 0.8554334
0.9752522 0.853549957
0.769989431 0.6854669
0.7717309 0.685290933
0.7721271 0.688420355
0.771315634 0.6812818
0.771315634 0.6812818
0.772707 0.682152152
0.7717309 0.685290933
0.7747576 0.6796613
0.7742453 0.678304732
0.7770642 0.6790825
0.7747576 0.6796613
0.7742453 0.678304732
0.777256548 0.6774046
0.7793429 0.679133058
0.7770642 0.6790825
0.777256548 0.6774046
0.7798769 0.677353561
0.7841112 0.6792236
0.783246636 0.6808286
0.7813901 0.6797195
0.782124162 0.6779216
0.786901 0.688634
0.7854365 0.6880554
0.7859827 0.684788764
0.7836563 0.6908189
0.781056 0.692525268
0.7836563 0.6908189
0.7846442 0.6923706
0.7812342 0.6945837
0.778287351 0.69300133
0.7778492 0.695182145
0.779937863 0.684093654
0.7800823 0.683951437
0.78032124 0.684195638
0.780079544 0.6843616
0.7854365 0.6880554
0.7836563 0.6908189
0.780884564 0.6879624
0.781576633 0.6868011
0.7797695 0.6867528
0.7801271 0.6861464
0.7797023 0.683862
0.7797511 0.683734536
0.77990067 0.6838154
0.779815 0.683945835
0.779815 0.683945835
0.77990067 0.6838154
0.7800823 0.683951437
0.779937863 0.684093654
0.7792708 0.687144339
0.7787517 0.687296033
0.7788033 0.686915934
0.7792017 0.6867608
0.7794434 0.683151
0.7773372 0.6799005
0.779331565 0.6799882
0.779698431 0.6832846
0.7784213 0.686875641
0.778277338 0.6872365
0.7778554 0.6869632
0.7780999 0.686632931
0.7787517 0.687296033
0.778277338 0.6872365
0.7784213 0.686875641
0.7788033 0.686915934
0.7796551 0.683966
0.7797023 0.683862
0.779815 0.683945835
0.7797467 0.684056759
0.7780999 0.686632931
0.7778554 0.6869632
0.77752775 0.6864598
0.777877152 0.6862141
0.7797467 0.684056759
0.779815 0.683945835
0.779937863 0.684093654
0.7798283 0.684218347
0.7798283 0.684218347
0.779937863 0.684093654
0.780079544 0.6843616
0.779884636 0.6844674
0.7797695 0.6867528
0.7792708 0.687144339
0.7792017 0.6867608
0.779572 0.686427951
0.780117035 0.683469951
0.780403554 0.683583438
0.7800823 0.683951437
0.77990067 0.6838154
0.7810986 0.6804768
0.7813901 0.6797195
0.783246636 0.6808286
0.782689333 0.681440353
0.779331565 0.6799882
0.7793429 0.679133058
0.7813901 0.6797195
0.7810986 0.6804768
0.7773372 0.6799005
0.7770642 0.6790825
0.7793429 0.679133058
0.779331565 0.6799882
0.043018043 0.953876257
0.0392890573 0.9567574
0.0374248624 0.95464915
0.0396603346 0.951111436
0.0396603346 0.951111436
0.0374248624 0.95464915
0.0354352 0.9533435
0.0364893675 0.949650466
0.0335350037 0.9595802
0.03330785 0.959722042
0.03316939 0.9594715
0.0333101153 0.9593354
0.0234514475 0.9780482
0.02545911 0.9743958
0.0301556 0.975959659
0.0304532647 0.9795912
0.04828596 0.9587692
0.04828596 0.9665189
0.0459367633 0.96601063
0.0444984436 0.9738817
0.04521936 0.9530527
0.04828596 0.9587692
0.0458472371 0.9588422
0.0459367633 0.96601063
0.03745395 0.9472222
0.0364893675 0.949650466
0.0333164334 0.9487898
0.0331673026 0.9465035
0.0183154345 0.972988
0.0154902935 0.96642
0.018386066 0.966549635
0.0178173184 0.960017443
0.0234514475 0.9780482
0.0183154345 0.972988
0.02139616 0.971469
0.018386066 0.966549635
0.2921153 0.965526462
0.294259727 0.963251948
0.2953893 0.96522826
0.294005454 0.9668831
0.293976247 0.9784263
0.295350373 0.9765428
0.297059476 0.977635443
0.296673417 0.9798568
0.0343688726 0.96795696
0.03697318 0.966262758
0.03795266 0.9678131
0.0345414281 0.9700123
0.0316019654 0.968424559
0.0311598778 0.9706024
0.03697318 0.966262758
0.0387576222 0.9635147
0.0402171 0.964093268
0.03929609 0.960253835
0.0381739736 0.9580057
0.0392890573 0.9567574
0.0407038331 0.959831238
0.0365549922 0.9562559
0.0374248624 0.95464915
0.0347002149 0.955135643
0.0354352 0.9533435
0.0374248624 0.95464915
0.0365549922 0.9562559
0.0326604247 0.954547942
0.03039956 0.954492152
0.0305870175 0.952829063
0.0331911445 0.952777267
0.03039956 0.954492152
0.0280994773 0.955058634
0.0275933743 0.9537161
0.0305870175 0.952829063
0.025062263 0.9607128
0.02331692 0.960888445
0.0246472955 0.9566991
0.0254555941 0.9638414
0.0254555941 0.9638414
0.0238492489 0.9650111
0.02331692 0.960888445
0.0269448757 0.9663102
0.0257098675 0.968114138
0.0290967226 0.967808843
0.0282081366 0.9699763
0.0333101153 0.9593354
0.03316939 0.9594715
0.03304881 0.959328234
0.0331333876 0.9592001
0.0331333876 0.9592001
0.03304881 0.959328234
0.03293705 0.9592459
0.0329859257 0.95911926
0.0326478481 0.9553986
0.0329390764 0.958667755
0.0326803923 0.9585288
0.0306704044 0.955310941
0.0387576222 0.9635147
0.03697318 0.966262758
0.0342241526 0.9633894
0.03493309 0.962222636
0.0330956578 0.962166846
0.03345591 0.9615464
0.0308480263 0.9618904
0.0311945677 0.961643934
0.0314195156 0.9620606
0.0311769247 0.96239084
0.03304881 0.959328234
0.0329828858 0.9594378
0.0328907967 0.9593498
0.03293705 0.9592459
0.03207493 0.9627206
0.0315990448 0.9626625
0.03174174 0.962300956
0.0321247 0.9623385
0.0311769247 0.96239084
0.0314195156 0.9620606
0.03174174 0.962300956
0.0315990448 0.9626625
0.0325956941 0.962565
0.03207493 0.9627206
0.0321247 0.9623385
0.03252381 0.9621788
0.0330956578 0.962166846
0.0325956941 0.962565
0.03252381 0.9621788
0.03289354 0.961840034
0.03316939 0.9594715
0.0330644846 0.9595932
0.0329828858 0.9594378
0.03304881 0.959328234
0.0333511829 0.958859444
0.03363383 0.958976448
0.0333101153 0.9593354
0.0331333876 0.9592001
0.0347002149 0.955135643
0.03440702 0.955889046
0.0326478481 0.9553986
0.0326604247 0.954547942
0.0365549922 0.9562559
0.0359910131 0.9568634
0.03440702 0.955889046
0.0347002149 0.955135643
0.0326604247 0.954547942
0.0326478481 0.9553986
0.0306704044 0.955310941
0.03039956 0.954492152
0.584758043 0.9137505
0.5805112 0.915039361
0.5785848 0.9093255
0.586042643 0.907753646
0.5849259 0.9226739
0.5846329 0.922725439
0.584300041 0.9217205
0.5850091 0.9216706
0.9527524 0.369011134
0.953365 0.3748212
0.9488384 0.3748369
0.950754464 0.378546923
0.95013833 0.39919287
0.942283869 0.4199112
0.9430058 0.3975692
0.9487725 0.421071142
0.9565399 0.399393618
0.955363154 0.4207721
0.961049557 0.418716937
0.9649661 0.415218532
0.966452241 0.411976159
0.9648657 0.402760327
0.967479765 0.407518923
0.9521232 0.38519004
0.95245 0.3851483
0.9527563 0.386220932
0.952005744 0.3862584
0.3805219 0.233841553
0.3691008 0.2065667
0.312528 0.213314563
0.299587667 0.240702733
0.354938745 0.08042606
0.3630334 0.06263686
0.316255629 0.0637870654
0.324254036 0.0832367241
0.3634084 0.191639915
0.3691008 0.2065667
0.4071889 0.154016048
0.395620048 0.1491804
0.397378325 0.0953227654
0.410403371 0.08765832
0.3630334 0.06263686
0.368801832 0.044862248
0.311233938 0.04830429
0.316255629 0.0637870654
0.2676192 0.1003298
0.2796582 0.10528902
0.282114685 0.16222994
0.2676192 0.1003298
0.2689132 0.170547247
0.317772865 0.195396379
0.3691008 0.2065667
0.312528 0.213314563
0.6192056 0.575194657
0.602880836 0.589109
0.5969602 0.5752146
0.614463568 0.566569269
0.6526484 0.6005517
0.640127957 0.629100263
0.6245988 0.616477
0.6196692 0.62579304
0.635905564 0.6392784
0.6301226 0.5550694
0.6245461 0.559990048
0.6224417 0.5547447
0.628811359 0.5525222
0.628904343 0.5472841
0.6302755 0.5449036
0.632875 0.5475371
0.632313967 0.5485081
0.632379055 0.5507889
0.628811359 0.5525222
0.628489852 0.549879968
0.6321238 0.549637735
0.633079052 0.551815569
0.6301226 0.5550694
0.628811359 0.5525222
0.632379055 0.5507889
0.6573217 0.6405192
0.6535169 0.6508053
0.635905564 0.6392784
0.640127957 0.629100263
0.648904264 0.481777579
0.635565758 0.477887124
0.6476666 0.475125939
0.635364 0.465077341
0.6184628 0.526251733
0.6655203 0.51409924
0.6667866 0.5259197
0.62420094 0.5347346
0.6511513 0.5736499
0.6526484 0.6005517
0.637800932 0.5922169
0.6245988 0.616477
0.637936 0.5498162
0.634022832 0.5475413
0.635092735 0.5454704
0.6398912 0.5478245
0.635092735 0.5454704
0.630449 0.542098761
0.659784436 0.5463964
0.6398912 0.5478245
0.625581741 0.482435673
0.617158 0.4898715
0.613287 0.4775807
0.6237978 0.470466822
0.635565758 0.477887124
0.625581741 0.482435673
0.6237978 0.470466822
0.635364 0.465077341
0.574062467 0.5910925
0.589123368 0.5786114
0.595758 0.5949135
0.5829925 0.6104278
0.617158 0.4898715
0.608443737 0.497658074
0.60276556 0.485787928
0.613287 0.4775807
0.5829925 0.6104278
0.595758 0.5949135
0.606039762 0.610851347
0.594773233 0.628035367
0.608443737 0.497658074
0.600371063 0.507554
0.5912512 0.4962554
0.60276556 0.485787928
0.594773233 0.628035367
0.606039762 0.610851347
0.6196692 0.62579304
0.6088854 0.6437414
0.600371063 0.507554
0.5939723 0.5191502
0.5803864 0.5103903
0.5912512 0.4962554
0.6088854 0.6437414
0.6196692 0.62579304
0.635905564 0.6392784
0.624910235 0.6574198
0.624910235 0.6574198
0.635905564 0.6392784
0.6535169 0.6508053
0.642604768 0.6687934
0.382131755 0.7879426
0.3813792 0.7911672
0.375879228 0.7904669
0.375416219 0.7872519
0.3853625 0.7706092
0.378999829 0.8217443
0.372266173 0.8207957
0.373568833 0.8177664
0.379000247 0.8184736
0.972806156 0.311462
0.9654823 0.314556062
0.9648617 0.3116538
0.9711906 0.3087685
0.9511458 0.5697323
0.9582164 0.5667573
0.958989859 0.5711884
0.953450441 0.5735878
0.9582164 0.5667573
0.9657426 0.566706657
0.9649428 0.5710901
0.958989859 0.5711884
0.837991536 0.755160153
0.83106184 0.757014453
0.828586638 0.7478454
0.8390417 0.7460739
0.839826941 0.790976942
0.840980947 0.8001315
0.8305863 0.7982755
0.8332673 0.7896246
0.851200759 0.7597349
0.8570362 0.7533227
0.8630137 0.7607996
0.8555142 0.7654498
0.9456638 0.5752187
0.9511458 0.5697323
0.953450441 0.5735878
0.949170649 0.577937365
0.9649428 0.5710901
0.9657426 0.566706657
0.9727055 0.5694859
0.97042644 0.573331356
0.97042644 0.573331356
0.9727055 0.5694859
0.978095531 0.574825466
0.9745966 0.5775572
0.8553361 0.805683136
0.841325 0.8082823
0.840980947 0.8001315
0.8515677 0.7977753
0.868280232 0.79739213
0.8553361 0.805683136
0.8515677 0.7977753
0.86058706 0.790976048
0.8119352 0.7471755
0.825396 0.7398406
0.828586638 0.7478454
0.819247 0.754078448
0.825396 0.7398406
0.839179 0.738250136
0.8390417 0.7460739
0.828586638 0.7478454
0.9648617 0.3116538
0.9654823 0.314556062
0.9575411 0.314902
0.9579046 0.311792433
0.9579046 0.311792433
0.9575411 0.314902
0.9498422 0.312015951
0.951319456 0.309148431
0.96547544 0.6056893
0.9576902 0.605724
0.9586084 0.6016946
0.9645869 0.601585448
0.95606184 0.271683335
0.964938641 0.271835744
0.9640871 0.2750653
0.9568802 0.275175273
0.7852159 0.4770206
0.7824579 0.464182168
0.7683432 0.474207848
0.778562367 0.48756215
0.78258574 0.5340625
0.8081936 0.5357261
0.800620139 0.517827034
0.7909034 0.5163448
0.8137975 0.6343555
0.7963959 0.633598149
0.796282232 0.640101552
0.816807 0.640101552
0.8225716 0.62881875
0.82806325 0.6323373
0.8283704 0.61882925
0.8350417 0.619275868
0.8008501 0.574484
0.8019626 0.566706657
0.7790252 0.5719253
0.783180952 0.5787541
0.783180952 0.5787541
0.792821467 0.593200564
0.798699856 0.5902374
0.8008501 0.574484
0.9513477 0.379821777
0.9535182 0.379986167
0.952986658 0.3809791
0.953515768 0.3786947
0.950754464 0.378546923
0.953365 0.3748212
0.94925797 0.380559683
0.9513477 0.379821777
0.9512768 0.381001264
0.949758649 0.381704032
0.952727 0.389390051
0.9547715 0.3887741
0.9550991 0.389998585
0.9524929 0.390705645
0.9524929 0.390705645
0.9550991 0.389998585
0.9558878 0.393684149
0.951686263 0.394441068
0.5838028 0.928281546
0.5839052 0.9296666
0.5813451 0.9287137
0.58177793 0.927464962
0.584561944 0.919918239
0.584123731 0.918863
0.586202 0.918892562
0.5842407 0.917614162
0.586924434 0.9177265
0.584758043 0.9137505
0.5861205 0.920083761
0.586202 0.918892562
0.5881256 0.9197434
0.587441444 0.9208336
0.5839052 0.9296666
0.5843272 0.9335535
0.5802798 0.9324121
0.5813451 0.9287137
0.34569633 0.793102
0.352027 0.7830873
0.3640402 0.793276
0.3609377 0.798984766
0.5734483 0.716614544
0.583249152 0.706703365
0.587005138 0.7137887
0.579158664 0.722194552
0.583249152 0.706703365
0.5954224 0.701255
0.5971916 0.709009945
0.587005138 0.7137887
0.6334945 0.71186924
0.628411531 0.718640268
0.6193363 0.7112938
0.6219957 0.7032679
0.643344 0.739527047
0.6353775 0.7410277
0.634073 0.7290621
0.61323756 0.739052355
0.750019252 0.8029211
0.7523587 0.8102753
0.7651488 0.80066824
0.759762168 0.795178354
0.5887185 0.829744637
0.576583266 0.81948173
0.570289 0.8294746
0.58567977 0.8353674
0.036423564 0.790150642
0.0247699022 0.778329253
0.0178374052 0.789388
0.0333542824 0.7961903
0.08227074 0.794681251
0.0774593353 0.782977045
0.06413382 0.792044938
0.0660557151 0.7984635
0.806594968 0.8605892
0.8135 0.849554539
0.824981153 0.8612081
0.8218802 0.867298543
0.538660347 0.116935953
0.53812325 0.118795708
0.540629 0.116440311
0.53832 0.120742247
0.550412655 0.119113341
0.548504233 0.124670252
0.5511505 0.122681454
0.5457124 0.125408068
0.510795236 0.07980196
0.5118112 0.07947339
0.510480464 0.0792899
0.511213839 0.07828428
0.6443427 0.184333682
0.6566023 0.202681541
0.6522974 0.19228828
0.6566023 0.213931024
0.6522974 0.224324286
0.604352057 0.19228828
0.6227 0.180028677
0.6339495 0.180028677
0.612306654 0.184333682
0.6123067 0.232278943
0.6339495 0.236583948
0.6443427 0.232278943
0.6226999 0.236583948
0.600047052 0.213931024
0.604352057 0.224324286
0.600047052 0.202681541
0.259691238 0.9312751
0.2685321 0.9312734
0.2515232 0.9278757
0.27670002 0.92787087
0.245271742 0.9215927
0.282951534 0.9215855
0.241888523 0.913382769
0.286334753 0.913374245
0.241888523 0.9044956
0.286334753 0.9044871
0.245271742 0.896284342
0.282951534 0.896277
0.2515232 0.889999
0.276700079 0.889994144
0.259691119 0.8865964
0.2685321 0.8865947
0.606507242 0.8245168
0.6003121 0.826659739
0.6058399 0.827355564
0.5999083 0.8238254
0.609783649 0.80704993
0.9575854 0.171056092
0.952032864 0.173338354
0.9635813 0.171109378
0.969092 0.173499286
0.9477616 0.177610934
0.9733038 0.1778509
0.945432067 0.1832192
0.975567341 0.183512032
0.9453903 0.189307034
0.9755299 0.18961823
0.9476322 0.194957614
0.973201931 0.195237815
0.9518307 0.199322581
0.968939543 0.199516714
0.9573715 0.201722264
0.9633762 0.201798916
0.4826763 0.7903388
0.5002538 0.76711446
0.490066618 0.7905602
0.501474261 0.777148247
0.497362763 0.7858264
0.109946795 0.246227935
0.08726638 0.183455035
0.107767545 0.15996033
0.130936652 0.244868889
0.128825769 0.158681229
0.151880756 0.2435975
0.149875134 0.157417879
0.17285426 0.24240081
0.170921966 0.15616563
0.1924676 0.177121177
0.8978037 0.4979544
0.899598956 0.4958444
0.8987647 0.497012824
0.8967876 0.498649031
0.900597036 0.493003517
0.900230467 0.49448815
0.9006628 0.491464
0.895764947 0.4990894
0.899598956 0.4958444
0.8947604 0.4992756
0.8989901 0.487361938
0.9003626 0.489960641
0.8997867 0.4885727
0.893766165 0.499209017
0.899598956 0.4958444
0.8927823 0.498897225
0.8918108 0.4983476
0.890876651 0.497567624
0.8900285 0.496574134
0.889323 0.495391816
0.888816237 0.494058818
0.88855195 0.492628783
0.8886132 0.491169721
0.8989901 0.487361938
0.888937354 0.48975572
0.889495 0.4884505
0.8902367 0.487305373
0.8911036 0.4863567
0.8920412 0.485627562
0.893007 0.485133141
0.893976 0.48488006
0.8949738 0.484874517
0.895993352 0.485122055
0.897026658 0.485621482
0.8980453 0.4863707
0.9177892 0.956697941
0.9129717 0.9562636
0.9154038 0.9562191
0.910586238 0.9568298
0.9200362 0.9576817
0.9083392 0.957896
0.922058463 0.959132731
0.906316936 0.9594211
0.923778236 0.960995138
0.904597163 0.9613464
0.9251295 0.963197351
0.9032459 0.9635982
0.926060259 0.9656548
0.90231514 0.9660897
0.926534653 0.968273044
0.9018407 0.9687253
0.926534653 0.9709514
0.9018407 0.9714037
0.926060259 0.973587
0.90231514 0.9740219
0.9251295 0.97607857
0.903245866 0.9764793
0.923778236 0.9783303
0.904597163 0.978681564
0.922058463 0.9802557
0.9063168 0.980544
0.9200362 0.981780767
0.9083392 0.9819949
0.917789161 0.9828468
0.9105862 0.982978761
0.9154037 0.9834131
0.912971556 0.9834576
0.152500778 0.6151414
0.179471225 0.6224375
0.177661151 0.6251876
0.152208835 0.612349451
0.125505716 0.6241481
0.127538 0.626759052
0.17991218 0.7089255
0.153978556 0.71338594
0.178445011 0.705770135
0.15396139 0.717111
0.12808767 0.7105683
0.129746825 0.7073567
0.7696501 0.402913541
0.7745733 0.403265983
0.7653865 0.405609876
0.778836846 0.406572729
0.762925 0.4106327
0.7812984 0.411947876
0.762925 0.416635841
0.7812984 0.417951018
0.7653865 0.422010928
0.778836846 0.422973841
0.7696501 0.425317734
0.7745733 0.425670177
0.80945015 0.237736285
0.815921366 0.2393874
0.8124535 0.239635587
0.818924665 0.237058043
0.80771625 0.234198213
0.8206586 0.233271718
0.80771625 0.229969561
0.8206586 0.229043
0.80945015 0.226183236
0.818924665 0.225505
0.8124535 0.223853886
0.815921366 0.223605692
0.5298829 0.94095993
0.520696163 0.9433039
0.5249597 0.940607548
0.5341465 0.944266737
0.5182346 0.948326647
0.5366081 0.9496418
0.5182346 0.954329848
0.5366081 0.9556451
0.520696163 0.9597049
0.5341465 0.9606677
0.5249598 0.963011742
0.5298829 0.9633641
0.7655271 0.237736285
0.771998346 0.2393874
0.7685304 0.239635587
0.775001645 0.237058043
0.76379323 0.234198213
0.776735663 0.233271718
0.76379323 0.229969561
0.776735663 0.229043
0.7655271 0.226183236
0.775001645 0.225505
0.7685304 0.223853886
0.771998346 0.223605692
0.9786819 0.854785
0.9769614 0.8546426
0.980277359 0.8539551
0.9752522 0.853549957
0.9816038 0.8522575
0.97379446 0.851588964
0.9823878 0.8498969
0.973012567 0.848999858
0.982444 0.847251952
0.9730358 0.846264
0.981658 0.8447524
0.9739073 0.8438903
0.9802829 0.842784941
0.975291133 0.8422354
0.9786088 0.841644645
0.976891637 0.8414563
0.7723856 0.692698658
0.7757773 0.692389548
0.7748911 0.694560945
0.7736209 0.69089067
0.7705208 0.6895918
0.7721271 0.688420355
0.769989431 0.6854669
0.7859688 0.6813228
0.783246636 0.6808286
0.7841112 0.6792236
0.7848603 0.6825627
0.7873794 0.6843752
0.7815107 0.684969962
0.780079544 0.6843616
0.78032124 0.684195638
0.7801271 0.6861464
0.297059476 0.977635443
0.300375521 0.9769479
0.298780054 0.977777839
0.295350373 0.9765428
0.3017019 0.9752503
0.2938926 0.9745818
0.3024859 0.9728897
0.2931106 0.971992731
0.30254212 0.9702447
0.293133885 0.9692568
0.3017561 0.9677452
0.294005454 0.9668831
0.300381064 0.9657778
0.2953893 0.96522826
0.2987069 0.964637458
0.296989739 0.964449167
0.0314195156 0.9620606
0.0321247 0.9623385
0.03174174 0.962300956
0.03252381 0.9621788
0.0311945677 0.961643934
0.03289354 0.961840034
0.0311253071 0.9611073
0.0331409574 0.9613686
0.03126514 0.9605741
0.592474341 0.9378159
0.5920396 0.9599207
0.585312963 0.938482761
0.5855495 0.960270762
0.5790361 0.9591689
0.573553562 0.9563754
0.5792229 0.937981546
0.569908738 0.952402532
0.5686465 0.9490116
0.5707936 0.9401625
0.567913532 0.9444881
0.7635567 0.9556371
0.767284751 0.956312537
0.765347 0.956488967
0.7690749 0.9551348
0.7621865 0.9538867
0.770445168 0.9531349
0.761445045 0.95150423
0.7711867 0.9506175
0.761445045 0.9488524
0.7711867 0.9479657
0.7621865 0.946335
0.770445168 0.9455832
0.7635567 0.944335163
0.7690749 0.9438328
0.765347 0.9431574
0.7672847 0.942981
0.9367929 0.3958602
0.9430058 0.3975692
0.933209836 0.39827472
0.9307537 0.406383634
0.9327197 0.412856519
0.9430058 0.3975692
0.936324537 0.41722542
0.942283869 0.4199112
0.203150213 0.580517054
0.2068783 0.5811925
0.2049405 0.581368864
0.20866853 0.5800147
0.201780081 0.578766644
0.210038722 0.5780149
0.201038539 0.5763842
0.210780323 0.575497448
0.201038539 0.5737324
0.210780323 0.572845638
0.201780081 0.5712149
0.210038722 0.5704632
0.203150213 0.5692151
0.20866853 0.568712831
0.2049405 0.568037331
0.2068783 0.567860961
0.633079052 0.551815569
0.637936 0.5498162
0.6342047 0.5525443
0.635627449 0.5527672
0.637128949 0.55233705
0.8876859 0.373311162
0.866347551 0.369061053
0.8774388 0.369011164
0.856100559 0.37345314
0.8955287 0.381306469
0.8482578 0.3815189
0.8997731 0.39177984
0.8440134 0.392030418
0.8997731 0.40313673
0.844013333 0.4033873
0.895528555 0.4136482
0.8482578 0.413860679
0.887685835 0.421713948
0.856100559 0.421855927
0.8774389 0.426106155
0.866347551 0.426155925
0.7224459 0.183433175
0.7054119 0.180030465
0.714265943 0.180028737
0.697231948 0.183438
0.728706658 0.1897254
0.6909712 0.189732671
0.7320949 0.197947562
0.68758297 0.197956145
0.7320949 0.2068479
0.68758297 0.20685643
0.728706658 0.215071261
0.6909712 0.215078473
0.7224459 0.221365869
0.697231948 0.221370757
0.714265943 0.2247734
0.7054119 0.224775136
0.8268818 0.7794588
0.8279037 0.786048055
0.8237479 0.7810813
0.8253179 0.7743697
0.821652055 0.7746821
0.8258378 0.768959641
0.822175145 0.767792463
0.8285165 0.764042
0.8254083 0.7614765
0.83106184 0.757014453
0.832960367 0.760509253
0.837991536 0.755160153
0.838374555 0.759026945
0.8450302 0.756144047
0.8438909 0.759792447
0.851200759 0.7597349
0.8486843 0.762588
0.8520313 0.7670335
0.8555142 0.7654498
0.85346 0.772452056
0.85735 0.772368848
0.8526323 0.778032
0.856326044 0.7795279
0.849615157 0.7828804
0.8525218 0.785703
0.8465996 0.789660037
0.8450184 0.786125839
0.839826941 0.790976942
0.8397128 0.7872897
0.8332673 0.7896246
0.8345165 0.786328256
0.8279037 0.786048055
0.83012563 0.783558
0.9489469 0.595223367
0.9586084 0.6016946
0.953113 0.59945333
0.9645869 0.601585448
0.946735263 0.589648843
0.970169067 0.5991986
0.946813 0.5835783
0.9744384 0.5948411
0.949170649 0.577937365
0.976772368 0.5892004
0.953450441 0.5735878
0.976828039 0.5831317
0.958989859 0.5711884
0.9745966 0.5775572
0.9649428 0.5710901
0.97042644 0.573331356
0.021984458 0.873291254
0.0462211967 0.8668189
0.03323275 0.8667906
0.0574694276 0.873368442
0.0154902935 0.884578943
0.06396371 0.8846843
0.0154902935 0.897629142
0.06396371 0.8977345
0.021984458 0.9089451
0.0574694276 0.9090222
0.03323275 0.9154947
0.0462210774 0.915522933
0.731944561 0.302981615
0.6795712 0.337156236
0.731944561 0.356003463
0.698652864 0.271683276
0.703972459 0.398959041
0.6551699 0.2753533
0.6604895 0.402629077
0.6271979 0.3183089
0.627197862 0.371330678
0.711030066 0.977493167
0.7184964 0.9828514
0.7097352 0.983478546
0.7021478 0.978680134
0.717201531 0.977051437
0.7056855 0.974113166
0.7260838 0.9769666
0.697767138 0.9697418
0.7225461 0.9729062
0.7025997 0.9678169
0.730464458 0.967401
0.7256319 0.9661681
0.7256319 0.9586427
0.730464458 0.956717849
0.7225461 0.9523465
0.7260838 0.947779536
0.6977672 0.9590585
0.7025997 0.9602915
0.7056854 0.953553438
0.7021478 0.949493051
0.711030066 0.9494082
0.7097352 0.9436082
0.717201531 0.9489664
0.7184964 0.942981
0.7389845 0.8522575
0.697767138 0.8471329
0.7566269 0.8449683
0.7566269 0.9098358
0.702433348 0.8536017
0.7389845 0.903844357
0.702433348 0.905188441
0.697767138 0.9120004
0.17705974 0.9743235
0.1932573 0.966733336
0.17702955 0.9607978
0.187386066 0.9830244
0.185666442 0.950442255
0.200848192 0.9830244
0.199128479 0.950442255
0.209485054 0.9726689
0.209454775 0.959143162
0.971920133 0.0154902935
0.9621374 0.0364854932
0.9830509 0.0288360715
0.9545709 0.0154902935
0.983011961 0.04626727
0.941262841 0.0267036557
0.9697039 0.0574805737
0.9412239 0.0441347957
0.95235467 0.0574805737
0.3527988 0.9712999
0.356371671 0.964373
0.349089 0.9667052
0.3586612 0.971695065
0.34932217 0.9607249
0.363082677 0.9679328
0.354105145 0.9570463
0.3637943 0.9621412
0.360104829 0.957440257
0.962244749 0.9740607
0.9664014 0.965139866
0.95751524 0.968390167
0.9696164 0.9740607
0.9575318 0.9609836
0.975271 0.9692962
0.9631863 0.9562191
0.975287557 0.9618896
0.970558047 0.9562191
0.13741219 0.9504422
0.1298213 0.966733336
0.146048963 0.9607978
0.123950124 0.9504422
0.1460188 0.974323452
0.113623738 0.9591431
0.135692477 0.983024359
0.113593519 0.9726688
0.12223047 0.983024359
0.4663405 0.9616027
0.487215072 0.95182085
0.473907024 0.940607548
0.487254053 0.9692521
0.456557781 0.940607548
0.476123244 0.9825978
0.44542703 0.953953266
0.458774 0.9825978
0.445466 0.9713845
0.835471153 0.684314132
0.8390441 0.691241
0.8413337 0.683918953
0.8317614 0.688908756
0.84575516 0.6876812
0.831994653 0.6948891
0.8464667 0.693472862
0.836777568 0.6985678
0.842777252 0.698173761
0.250774562 0.9711765
0.259644181 0.9670202
0.253989577 0.9622557
0.259660721 0.974426746
0.246617883 0.9622557
0.254931271 0.980097353
0.241888463 0.9679264
0.247559547 0.980097353
0.241905 0.975332856
0.308616519 0.2976334
0.300115228 0.304128349
0.299159229 0.302061915
0.289320827 0.308644116
0.309499145 0.2996974
0.2902748 0.310592115
0.319646955 0.294502676
0.280035019 0.31727612
0.3200658 0.2967679
0.281300962 0.318952978
0.272249877 0.328163028
0.273825645 0.329404771
0.266757727 0.3408633
0.268569827 0.341548383
0.3316701 0.293928564
0.331383049 0.296231329
0.342640877 0.298146069
0.343626142 0.2959895
0.352672815 0.302382827
0.3540671 0.300480068
0.26413 0.354598939
0.266037881 0.3546542
0.266445875 0.367898583
0.2645455 0.3684799
0.269647956 0.380390465
0.267905653 0.381527066
0.275064766 0.3913594
0.2735306 0.39290446
0.281946242 0.400533855
0.2805763 0.402329743
0.2897641 0.408041716
0.2885179 0.409994
0.2984782 0.414067924
0.297397435 0.416160464
0.3082323 0.418496132
0.307391047 0.420780957
0.318353176 0.42348206
0.318824053 0.4211645
0.3298946 0.423982441
0.3299741 0.42160964
0.34163785 0.422125459
0.34132427 0.419767141
0.353098929 0.4179271
0.352448165 0.415679276
0.364045262 0.41143024
0.363060534 0.409342051
0.374098718 0.402398825
0.3727628 0.400623083
0.382521331 0.390895426
0.380839646 0.389592946
0.388377 0.3773737
0.386462331 0.376699448
0.388946772 0.3626771
0.391037166 0.362658978
0.3881709 0.3485142
0.3901862 0.3477806
0.384220779 0.3353719
0.38601166 0.3340261
0.377847135 0.324138939
0.379344165 0.322359562
0.369981229 0.3151452
0.371224642 0.313193917
0.3613137 0.307934284
0.362752438 0.3059281
0.367012978 0.299506366
0.375129461 0.309246778
0.3653468 0.3016851
0.356239259 0.295254171
0.377353072 0.30771035
0.357287526 0.2927282
0.3840617 0.319386721
0.3446563 0.2904353
0.386550069 0.3184533
0.34521544 0.287726581
0.3914374 0.33209163
0.3317439 0.2881685
0.393944979 0.331693351
0.331719339 0.285437584
0.396021843 0.3470329
0.318755627 0.289045632
0.3984323 0.347052336
0.3182186 0.286442041
0.396880865 0.363082349
0.399178028 0.363399744
0.3066228 0.292448461
0.305705547 0.290120125
0.394031048 0.3788976
0.396218657 0.379449248
0.389891565 0.394358039
0.3876723 0.393482447
0.3806674 0.407234251
0.378507137 0.405958951
0.369467258 0.417577147
0.367508173 0.4158296
0.3570611 0.4252814
0.355507433 0.4230898
0.3438449 0.430160761
0.342830241 0.427638352
0.330366015 0.432317674
0.329959631 0.42963028
0.317118 0.431716323
0.3173616 0.429010034
0.30453223 0.428490043
0.305445433 0.425856531
0.2946027 0.420675576
0.293141425 0.422920167
0.285044849 0.413790524
0.283125341 0.415573359
0.276493549 0.405356169
0.2742682 0.406609
0.26887387 0.395129979
0.266531 0.395858526
0.2627933 0.382873476
0.2604773 0.383161843
0.259185165 0.36886394
0.256967664 0.368816376
0.258776367 0.3540622
0.256696552 0.3537714
0.2594989 0.338951468
0.261593521 0.339460433
0.2653675 0.3250968
0.267469943 0.3258764
0.2737686 0.313026071
0.275838077 0.314167261
0.283929944 0.303175449
0.285825253 0.304748952
0.295201838 0.2956953
0.296652317 0.2977805
0.319646955 0.294502676
0.3066228 0.292448461
0.318755627 0.289045632
0.3317439 0.2881685
0.308616519 0.2976334
0.3316701 0.293928564
0.3446563 0.2904353
0.343626142 0.2959895
0.356239259 0.295254171
0.3540671 0.300480068
0.3653468 0.3016851
0.362752438 0.3059281
0.296652317 0.2977805
0.299159229 0.302061915
0.289320827 0.308644116
0.285825253 0.304748952
0.280035019 0.31727612
0.275838077 0.314167261
0.272249877 0.328163028
0.267469943 0.3258764
0.266757727 0.3408633
0.261593521 0.339460433
0.375129461 0.309246778
0.371224642 0.313193917
0.379344165 0.322359562
0.3840617 0.319386721
0.38601166 0.3340261
0.3914374 0.33209163
0.3901862 0.3477806
0.396021843 0.3470329
0.26413 0.354598939
0.258776367 0.3540622
0.259185165 0.36886394
0.2645455 0.3684799
0.2627933 0.382873476
0.267905653 0.381527066
0.26887387 0.395129979
0.2735306 0.39290446
0.276493549 0.405356169
0.2805763 0.402329743
0.285044849 0.413790524
0.2885179 0.409994
0.2946027 0.420675576
0.297397435 0.416160464
0.305445433 0.425856531
0.307391047 0.420780957
0.3173616 0.429010034
0.318353176 0.42348206
0.329959631 0.42963028
0.3298946 0.423982441
0.342830241 0.427638352
0.34163785 0.422125459
0.355507433 0.4230898
0.353098929 0.4179271
0.364045262 0.41143024
0.367508173 0.4158296
0.374098718 0.402398825
0.378507137 0.405958951
0.382521331 0.390895426
0.3876723 0.393482447
0.388377 0.3773737
0.394031048 0.3788976
0.391037166 0.362658978
0.396880865 0.363082349
0.270598233 0.35510546
0.266445875 0.367898583
0.266037881 0.3546542
0.268569827 0.341548383
0.27102232 0.367503822
0.2814507 0.3560626
0.269647956 0.380390465
0.2729876 0.3428185
0.273825645 0.329404771
0.273979664 0.379170179
0.275064766 0.3913594
0.277869165 0.331432045
0.281300962 0.318952978
0.283494 0.3458587
0.284808457 0.321654677
0.2902748 0.310592115
0.281854033 0.3663457
0.278983474 0.389385521
0.281946242 0.400533855
0.2874233 0.336396575
0.2931434 0.313869178
0.300115228 0.304128349
0.284156859 0.3759749
0.285362363 0.397866845
0.2897641 0.408041716
0.292994618 0.3282497
0.288118541 0.384399116
0.2926396 0.404736459
0.2984782 0.414067924
0.293206632 0.391408443
0.295588374 0.38014406
0.2927454 0.3731234
0.300755441 0.4101743
0.3082323 0.418496132
0.299194574 0.396953762
0.3097759 0.41413343
0.318824053 0.4211645
0.291207016 0.365211666
0.299662769 0.385882437
0.305923343 0.401182652
0.319525421 0.4164728
0.3299741 0.42160964
0.3045327 0.390320182
0.304677427 0.381413519
0.301711082 0.3766607
0.313308 0.404139757
0.329756021 0.416854262
0.34132427 0.419767141
0.310081542 0.393559873
0.308637261 0.3848685
0.321204782 0.405768156
0.340151131 0.4151708
0.352448165 0.415679276
0.316133261 0.3957193
0.329422772 0.405959725
0.308521271 0.377913952
0.31324327 0.387255073
0.322534859 0.3968464
0.311678052 0.380355418
0.3182783 0.38879323
0.315571368 0.381922722
0.337743163 0.404600143
0.3291477 0.396942377
0.323571384 0.38957113
0.319881916 0.382942438
0.350371242 0.411338925
0.36023277 0.405614257
0.363060534 0.409342051
0.345922768 0.401570976
0.3358264 0.395885885
0.329 0.389627635
0.32440275 0.3834707
0.3691162 0.397562444
0.3727628 0.400623083
0.3765288 0.3873284
0.380839646 0.389592946
0.381691158 0.375337839
0.386462331 0.376699448
0.3840205 0.362321019
0.388946772 0.3626771
0.3881709 0.3485142
0.3832628 0.349208
0.384220779 0.3353719
0.372532725 0.361596584
0.370656848 0.372168124
0.366556466 0.38190645
0.360737443 0.390248716
0.379692852 0.337051749
0.377847135 0.324138939
0.371927679 0.350998282
0.373952925 0.32667017
0.369981229 0.3151452
0.353648543 0.396772683
0.342369854 0.393519461
0.3485195 0.389665
0.334439516 0.388855577
0.369251668 0.3411811
0.353939533 0.384226263
0.339696169 0.387093484
0.3290035 0.38353008
0.3582722 0.377362072
0.344515264 0.3840649
0.33355093 0.383062482
0.3485704 0.379593372
0.337835133 0.381959915
0.341518342 0.3798383
0.32509923 0.37814188
0.329192281 0.378226578
0.333202064 0.3780446
0.321042538 0.377785623
0.317132831 0.377176344
0.313570917 0.376381934
0.310940981 0.37565124
0.314311862 0.372379959
0.3180343 0.372656345
0.321852982 0.3729924
0.325717032 0.3732435
0.306586981 0.37409246
0.3106212 0.3726244
0.2997669 0.37086457
0.305506825 0.3692451
0.3103354 0.368316174
0.2988339 0.364336252
0.329585731 0.373361349
0.314600646 0.3680423
0.305089235 0.363737822
0.2911535 0.356851816
0.318587959 0.368128836
0.3224663 0.368328869
0.310323417 0.363427937
0.298957527 0.357456982
0.292603731 0.348521829
0.3148824 0.363385737
0.305357158 0.357929945
0.300049067 0.350579739
0.295552075 0.340709031
0.310673654 0.358279824
0.3061669 0.352095425
0.319045722 0.363499
0.302201629 0.344099045
0.299812675 0.333908379
0.315308869 0.358564079
0.311389983 0.353130281
0.3076806 0.34659797
0.305329859 0.338435769
0.312382638 0.3482175
0.315915644 0.35373044
0.319529 0.358798385
0.30977422 0.3418092
0.3135712 0.343880832
0.3166325 0.3490376
0.3229983 0.363674223
0.3200853 0.354087
0.323515832 0.3590021
0.326293051 0.368527
0.3268463 0.3638566
0.330103874 0.3686731
0.33340776 0.3733999
0.33690244 0.377634764
0.339663863 0.3772161
0.3371035 0.373510957
0.333926439 0.3688351
0.330665648 0.364019573
0.327382445 0.359187365
0.344294965 0.376217961
0.340667665 0.3741935
0.337801456 0.3691498
0.334528327 0.36420995
0.351705134 0.373930573
0.3463744 0.371455729
0.341866374 0.36990118
0.361195862 0.369455457
0.3538676 0.367443144
0.362721741 0.361022651
0.331211627 0.359363079
0.338535428 0.364507973
0.347847223 0.365996957
0.36248076 0.3525458
0.335089564 0.359538317
0.3428563 0.3650387
0.339140415 0.359725535
0.343570352 0.359944582
0.348701 0.360217571
0.354873478 0.360551834
0.354940534 0.353682518
0.348896444 0.354436338
0.343885 0.354846835
0.339537919 0.354950845
0.335546553 0.354872763
0.331706583 0.3547088
0.327901125 0.35451597
0.324050248 0.3543232
0.320653975 0.3494208
0.324566543 0.349645138
0.3283999 0.349840164
0.332178354 0.350066841
0.33594346 0.350270271
0.317290485 0.3446272
0.321109 0.344818473
0.325001717 0.344935954
0.328878 0.345119536
0.3145594 0.340832055
0.317410529 0.3404467
0.321219146 0.340159059
0.31257844 0.3381775
0.325265348 0.340063274
0.3326853 0.3454126
0.320705771 0.335093439
0.3163526 0.336069942
0.309387743 0.33396405
0.329340816 0.34022963
0.305126 0.32846123
0.314238131 0.330950022
0.3191722 0.3297463
0.325273752 0.334771037
0.299786031 0.3218004
0.3024016 0.308064342
0.307299972 0.317033648
0.311094 0.3039983
0.309499145 0.2996974
0.311281025 0.32471174
0.3145585 0.314176679
0.320776224 0.3014009
0.3200658 0.2967679
0.331383049 0.296231329
0.317255318 0.322740734
0.331274331 0.30099386
0.342640877 0.298146069
0.322507143 0.3125732
0.323733628 0.321816385
0.341711938 0.302854061
0.352672815 0.302382827
0.330949247 0.312433243
0.324712753 0.3290394
0.350911081 0.306683
0.3613137 0.307934284
0.3304938 0.3218795
0.339279771 0.313852429
0.33018744 0.329159617
0.358728826 0.3117082
0.337184846 0.3228705
0.346728921 0.316626072
0.366652846 0.318408132
0.3531223 0.320406973
0.359402061 0.3258162
0.3432631 0.324835062
0.329811215 0.334966
0.33332485 0.340629935
0.334219933 0.3354972
0.335475862 0.330006242
0.336392462 0.345761061
0.340532482 0.331475854
0.3485114 0.327630341
0.3371234 0.3412454
0.3384195 0.3364774
0.339762747 0.350332141
0.3449242 0.333323061
0.353478432 0.331952751
0.339962721 0.346020162
0.3438161 0.350001752
0.34055984 0.342018962
0.342232883 0.337972939
0.348406017 0.348971963
0.3434611 0.3457288
0.343080223 0.3427192
0.348829865 0.336759746
0.3539021 0.3471774
0.347258151 0.344174445
0.3452971 0.340419173
0.3518517 0.3414368
0.360716939 0.34460175
0.357624829 0.3376485
0.364845634 0.332747042
0.317017138 0.280127525
0.3000208 0.2744217
0.316222548 0.27240926
0.331965744 0.271683276
0.304431915 0.284836829
0.331969261 0.2791584
0.291449845 0.290182471
0.3479967 0.273028135
0.2846548 0.281721532
0.3470068 0.281510234
0.2792952 0.298373222
0.271313846 0.291991055
0.268610775 0.309070528
0.260212 0.304568172
0.259939671 0.322224259
0.251554042 0.319135547
0.3646704 0.2764473
0.3594193 0.2876525
0.371588171 0.294293642
0.379670739 0.285287917
0.382827342 0.303400934
0.392577171 0.297079325
0.39261955 0.315108955
0.402968526 0.3114944
0.400324225 0.329602242
0.41045326 0.328167558
0.40485 0.3463645
0.414446533 0.346520245
0.405398071 0.364076257
0.414446533 0.365385175
0.402187049 0.3813324
0.410706878 0.383411825
0.404402554 0.400561631
0.395562 0.397329628
0.394913256 0.416116118
0.386067033 0.4113279
0.382711 0.429341018
0.374364376 0.422532856
0.36823082 0.439891934
0.361163735 0.430926263
0.3517713 0.4473089
0.34677583 0.436484158
0.333978 0.45117718
0.3316884 0.439098835
0.315677345 0.451252759
0.316548645 0.438595355
0.2975161 0.447532654
0.302074015 0.435007334
0.289208829 0.428504348
0.2820673 0.438518047
0.27824086 0.420223
0.269487262 0.427729666
0.268782854 0.410449862
0.25917998 0.415469229
0.2606616 0.398809075
0.25088793 0.401599824
0.254392654 0.384997547
0.244922176 0.386017919
0.250870883 0.3693906
0.241888508 0.36908257
0.250760138 0.353090227
0.242232919 0.3517838
0.253800571 0.337129653
0.245730981 0.3351192
0.3594193 0.2876525
0.34521544 0.287726581
0.3470068 0.281510234
0.331969261 0.2791584
0.357287526 0.2927282
0.331719339 0.285437584
0.317017138 0.280127525
0.3182186 0.286442041
0.304431915 0.284836829
0.305705547 0.290120125
0.371588171 0.294293642
0.367012978 0.299506366
0.377353072 0.30771035
0.382827342 0.303400934
0.386550069 0.3184533
0.39261955 0.315108955
0.393944979 0.331693351
0.400324225 0.329602242
0.3984323 0.347052336
0.40485 0.3463645
0.399178028 0.363399744
0.405398071 0.364076257
0.396218657 0.379449248
0.402187049 0.3813324
0.389891565 0.394358039
0.395562 0.397329628
0.386067033 0.4113279
0.3806674 0.407234251
0.374364376 0.422532856
0.369467258 0.417577147
0.361163735 0.430926263
0.3570611 0.4252814
0.34677583 0.436484158
0.3438449 0.430160761
0.3316884 0.439098835
0.330366015 0.432317674
0.316548645 0.438595355
0.317118 0.431716323
0.302074015 0.435007334
0.30453223 0.428490043
0.293141425 0.422920167
0.289208829 0.428504348
0.283125341 0.415573359
0.27824086 0.420223
0.2742682 0.406609
0.268782854 0.410449862
0.266531 0.395858526
0.2606616 0.398809075
0.2604773 0.383161843
0.254392654 0.384997547
0.256967664 0.368816376
0.250870883 0.3693906
0.256696552 0.3537714
0.250760138 0.353090227
0.2594989 0.338951468
0.253800571 0.337129653
0.2653675 0.3250968
0.259939671 0.322224259
0.268610775 0.309070528
0.2737686 0.313026071
0.2792952 0.298373222
0.283929944 0.303175449
0.291449845 0.290182471
0.295201838 0.2956953
0.961926162 0.6426899
0.963221 0.636704564
0.970808446 0.641503036
0.954459846 0.6373317
0.967270732 0.64607
0.9557547 0.6431317
0.9751891 0.650441349
0.9468724 0.64321655
0.9703565 0.6523662
0.95041 0.647277
0.9751891 0.6611245
0.9703565 0.659891546
0.967270732 0.6666297
0.970808446 0.6706901
0.961926162 0.670774937
0.963221 0.6765749
0.9424918 0.652782
0.947324336 0.654015
0.947324336 0.6615404
0.94249177 0.6634652
0.9504101 0.667836666
0.9468724 0.672403634
0.9557547 0.6712167
0.954459846 0.677202046
0.461043328 0.3294906
0.448362321 0.3261343
0.453322947 0.312528431
0.445427 0.341195822
0.465601653 0.31799832
0.46078223 0.300511062
0.472069234 0.3081397
0.470483422 0.290268183
0.4589181 0.342452824
0.4454851 0.3575489
0.475910068 0.3232273
0.4802756 0.300005078
0.4820004 0.282031357
0.459251136 0.356260061
0.448824584 0.374094427
0.472709358 0.332779616
0.4814624 0.3154764
0.489781141 0.293661237
0.49483797 0.275949985
0.488464952 0.309396446
0.488061 0.321825057
0.5001396 0.289146841
0.5086249 0.2720767
0.496364951 0.3047502
0.471685022 0.343488038
0.483547717 0.327629328
0.481654823 0.335181177
0.494214177 0.31738314
0.48844707 0.330468148
0.492690146 0.327909946
0.5109701 0.2864913
0.5047105 0.301379323
0.5010233 0.3138484
0.4984606 0.324858069
0.5219119 0.285734475
0.5226611 0.271683276
0.5326462 0.2870465
0.5359483 0.2737042
0.543173134 0.29033643
0.5485462 0.278042
0.5611416 0.284644723
0.53044796 0.298496
0.5218441 0.298070133
0.55337584 0.296292067
0.5733292 0.2946374
0.5388236 0.3011701
0.563037038 0.304906636
0.584131539 0.3080223
0.5132546 0.299211144
0.529341459 0.307481855
0.5466547 0.306414
0.571427941 0.316156983
0.5925488 0.324465871
0.522322953 0.307734251
0.5151817 0.3090584
0.535866737 0.309224
0.5537047 0.314010024
0.5415099 0.313864827
0.533920348 0.3144191
0.5293984 0.315025866
0.523448944 0.3161114
0.508097351 0.3111661
0.5311838 0.321779668
0.536575854 0.3189703
0.546465755 0.3206774
0.517197 0.3176636
0.51091063 0.319653749
0.5253645 0.323686242
0.539964736 0.3254569
0.559666157 0.323495865
0.5046562 0.322078884
0.5194035 0.3255122
0.533785045 0.3286544
0.550747037 0.328866333
0.5776654 0.32958588
0.5134252 0.3275074
0.507433355 0.329779267
0.5277312 0.331002951
0.5432037 0.332885683
0.5641519 0.334314764
0.581059456 0.344185144
0.596217155 0.342781752
0.521744847 0.333066523
0.5364915 0.335900664
0.5541308 0.337899923
0.567133665 0.3458076
0.5813457 0.358808875
0.5960468 0.360624433
0.545998931 0.3408647
0.5567707 0.34733656
0.530202448 0.338353038
0.5680875 0.357442677
0.578765631 0.372423321
0.5924026 0.376991749
0.5389825 0.3434358
0.5482308 0.349098861
0.5581051 0.356827378
0.5668816 0.368460566
0.5738037 0.384365976
0.5859494 0.39103964
0.577739 0.40320313
0.5499053 0.357269019
0.5411256 0.351139456
0.558038652 0.365753531
0.5634145 0.378174156
0.5666527 0.394256651
0.5673254 0.413562715
0.550888538 0.364856571
0.556020856 0.373408049
0.5577694 0.386095136
0.5579995 0.402388543
0.5548674 0.421935976
0.551301062 0.370395541
0.551465333 0.379215717
0.5429717 0.3588115
0.5447106 0.366163671
0.5471084 0.3729093
0.5504672 0.392109752
0.548029661 0.4085558
0.5452987 0.383659959
0.5414599 0.3759691
0.5387919 0.368480682
0.5366938 0.360952735
0.5346899 0.35336414
0.5372896 0.412793547
0.5408852 0.426865965
0.53256005 0.345805228
0.5241145 0.340556443
0.526412845 0.3480733
0.528575957 0.3556493
0.530677438 0.363268316
0.51579535 0.3351359
0.5180955 0.342715651
0.5203492 0.3503015
0.5098157 0.3373757
0.53285563 0.370941758
0.5225611 0.3579018
0.5120342 0.344960153
0.501393 0.332225263
0.5036714 0.339687049
0.495319784 0.334557384
0.5142308 0.352533758
0.5247334 0.365526855
0.50577414 0.34724766
0.4972007 0.341844022
0.4889711 0.335927725
0.5164801 0.360076934
0.5079246 0.354811162
0.4991154 0.34948203
0.490051478 0.343427062
0.481683075 0.3439491
0.4726277 0.3547672
0.483019143 0.353284061
0.491753459 0.351530224
0.5012566 0.357185245
0.5102242 0.3622967
0.462149054 0.370111048
0.455305219 0.3895929
0.493945658 0.359734237
0.475371182 0.365956873
0.4676389 0.383047938
0.464272439 0.4030295
0.518714368 0.3676216
0.50367415 0.364751369
0.4855335 0.3626056
0.4794892 0.376609385
0.4751129 0.394337475
0.475009382 0.413825482
0.496632338 0.3677253
0.488732129 0.371599466
0.5125561 0.3697061
0.485009134 0.386144221
0.4840618 0.4033676
0.486868352 0.42171818
0.506237149 0.372055233
0.492768 0.379836977
0.499705255 0.3752069
0.4916844 0.393975139
0.493923724 0.409795046
0.499536544 0.426809549
0.49748832 0.3867808
0.5028961 0.381777167
0.508623958 0.37900722
0.499329329 0.399569035
0.5043144 0.413774133
0.51294 0.429316133
0.505383134 0.386404485
0.503020465 0.391618341
0.5151681 0.415475726
0.5268273 0.429316133
0.5077551 0.402395
0.509666443 0.393414021
0.5262437 0.4151085
0.5165004 0.403092682
0.5100883 0.385841668
0.525298357 0.402174324
0.516833246 0.393281043
0.5162473 0.384787649
0.533951938 0.399950862
0.5241425 0.392025381
0.514690459 0.3771067
0.5423553 0.396576
0.5313673 0.389946461
0.52266854 0.383238554
0.520822167 0.375262737
0.5384626 0.387182862
0.5290542 0.381233931
0.526881158 0.3732394
0.5353427 0.378797919
0.6384625 0.135491908
0.634894133 0.142922938
0.624508142 0.136816561
0.64576745 0.146977365
0.6295874 0.129771113
0.615336657 0.128125966
0.647990346 0.139221013
0.6570795 0.14904815
0.6217695 0.122092366
0.608038247 0.117286444
0.6155105 0.112702549
0.602933347 0.104860961
0.611139357 0.1019758
0.6000471 0.0910607
0.643745363 0.125053108
0.63686043 0.120251179
0.630822241 0.114084184
0.6511948 0.1284262
0.625956655 0.106694281
0.608846247 0.09014654
0.6225711 0.0982824
0.6090363 0.0775120854
0.6003499 0.07634133
0.611977935 0.064620316
0.6036487 0.0614754558
0.617897153 0.05227959
0.610407233 0.0473147035
0.6265274 0.0415611267
0.6202816 0.03526324
0.63221097 0.025608778
0.6371061 0.0330520272
0.6458068 0.0190739632
0.635253847 0.0502812862
0.6283325 0.0589920878
0.623587251 0.0688628554
0.6211253 0.07906979
0.6489268 0.0272656083
0.659805059 0.0158365965
0.6438377 0.0434448123
0.6609887 0.0242879987
0.6733624 0.0154902935
0.620959938 0.0890139937
0.653225839 0.0387107134
0.630683064 0.08020657
0.6302292 0.08802819
0.631501555 0.09532863
0.6329829 0.0722187757
0.63421607 0.101934671
0.638079 0.107774258
0.642810464 0.112744749
0.6481702 0.116781533
0.654008031 0.119777858
0.640585065 0.09809989
0.643767655 0.102773368
0.6475963 0.106864035
0.6518753 0.110321581
0.6565092 0.113020778
0.6383154 0.09291971
0.637325764 0.08723223
0.637961149 0.0811426044
0.651592 0.10206008
0.6551253 0.105118692
0.6483573 0.09859806
0.6455761 0.09481633
0.643482745 0.09082842
0.6425832 0.08662206
0.6588566 0.107652962
0.658159137 0.100768805
0.6550884 0.0979315639
0.6521966 0.09486693
0.649578154 0.09168589
0.661299646 0.103296757
0.6434367 0.08208287
0.6458147 0.08624387
0.647368 0.08860642
0.6401409 0.07491064
0.637072146 0.06454998
0.6425352 0.0575786233
0.643641651 0.06880647
0.6456422 0.07726735
0.647413 0.08344245
0.6503309 0.08566624
0.6529226 0.0883926749
0.649240434 0.0519385934
0.6555725 0.09128529
0.656555 0.0478437543
0.658328056 0.0941639543
0.66117847 0.096937716
0.6640432 0.09959376
0.653524935 0.0585279465
0.6592377 0.0548816323
0.648267865 0.0632953644
0.663978934 0.045458436
0.6650063 0.0525568128
0.662736833 0.0362533927
0.661574066 0.0602919459
0.657030642 0.06364399
0.6526964 0.06776333
0.6660122 0.05792409
0.6488224 0.07239586
0.649855435 0.0796108246
0.653158665 0.08216834
0.6560206 0.08489627
0.6587597 0.08771092
0.661492 0.0905348063
0.6642699 0.093327105
0.667064 0.09613103
0.652908 0.07551545
0.656214952 0.0784207
0.659150958 0.08126497
0.661935 0.0840975046
0.6646804 0.08692509
0.667454064 0.08975434
0.6563517 0.07145977
0.65949434 0.07466382
0.6623741 0.07762098
0.6651529 0.08048171
0.667908847 0.0833165646
0.6600806 0.06771642
0.662919 0.0710786
0.6656738 0.07406753
0.66841507 0.0769133
0.6638663 0.06446403
0.6663335 0.06775749
0.668958962 0.0706293
0.667375445 0.0618497729
0.6695024 0.0646990538
0.669918537 0.06011969
0.6711627 0.07972741
0.671677351 0.07339722
0.672113 0.06725311
0.670176 0.0568911433
0.6705921 0.051712513
0.674078763 0.05757916
0.6721451 0.0615646839
0.671152353 0.04474771
0.675065041 0.06367391
0.6749044 0.06988561
0.6778339 0.05947286
0.6758216 0.05241841
0.671838939 0.0356398821
0.678133368 0.0662048459
0.6806851 0.054315865
0.677857757 0.04562229
0.672632158 0.02405721
0.681489766 0.0620687
0.685242 0.0571551323
0.680360556 0.0368042
0.6834943 0.0256470442
0.685973346 0.0176039338
0.6840626 0.04783082
0.693582535 0.0290765762
0.6976409 0.0215868354
0.6882587 0.0395123363
0.6897681 0.0511892438
0.6894153 0.06073326
0.7028076 0.03435427
0.7083015 0.0276958942
0.695496738 0.04366362
0.7107828 0.04139179
0.7173889 0.0359104872
0.6948702 0.05553931
0.7018708 0.0491358042
0.717097163 0.04988587
0.7243128 0.04583031
0.7071414 0.0557319522
0.6992344 0.0607274771
0.72162956 0.0593269467
0.7289745 0.05670476
0.7319473 0.06814188
0.7111116 0.06319791
0.693082035 0.06494576
0.702663541 0.06662798
0.6960835 0.06966579
0.7242918 0.06944233
0.7136386 0.07130933
0.7049422 0.07310665
0.7253406 0.0800465941
0.732812762 0.08013672
0.698192 0.0748074651
0.705954 0.08010733
0.7146231 0.07996929
0.7246262 0.0911186337
0.732028842 0.09255952
0.714019239 0.08907241
0.721781254 0.102456033
0.728997648 0.105344892
0.7114984 0.09837711
0.705221057 0.0875137448
0.6989957 0.08038235
0.716504157 0.113458812
0.7231772 0.117770731
0.707016051 0.10741663
0.7007928 0.11562717
0.708931565 0.123262048
0.7147074 0.1286729
0.704324543 0.137621582
0.6995861 0.13123852
0.692497253 0.1439265
0.7028691 0.0950290561
0.689125538 0.136909425
0.6803767 0.147531569
0.698956251 0.102306962
0.69822073 0.08626425
0.692959 0.122159958
0.6784037 0.14021188
0.6685993 0.14904815
0.6959922 0.09224838
0.684395254 0.126917183
0.667955756 0.141518652
0.675653 0.1297223
0.6578515 0.1411584
0.6671597 0.130843937
0.6590152 0.130363524
0.673622966 0.1212005
0.6806291 0.118560433
0.6667368 0.122124851
0.660206854 0.121613324
0.666595 0.115343809
0.6614082 0.114786983
0.6720367 0.114313304
0.6874718 0.114400744
0.6665687 0.110147953
0.662659645 0.109473467
0.6775795 0.111855924
0.693704665 0.108878076
0.6706589 0.109005988
0.666606963 0.106853485
0.66430366 0.105407357
0.6667634 0.102179825
0.683042 0.108174205
0.6925369 0.09810704
0.674958467 0.106554508
0.6690511 0.105063856
0.6698105 0.09905064
0.6724456 0.102385163
0.688100636 0.103486955
0.6793536 0.103165686
0.6761324 0.09909803
0.673143446 0.0956879854
0.68354845 0.09906632
0.6874154 0.09455937
0.679799557 0.09536046
0.6702704 0.09264225
0.6765307 0.09209585
0.673541248 0.08907437
0.683236837 0.09135908
0.690570235 0.08978784
0.679818451 0.08836961
0.6863094 0.0873369
0.67069006 0.08616787
0.6928155 0.08510411
0.6767836 0.085452795
0.673932 0.0825721
0.682921946 0.08468264
0.6888093 0.08359617
0.693748057 0.08066946
0.679978 0.08188015
0.677179933 0.07901782
0.6858345 0.08127457
0.6904695 0.08087766
0.6929261 0.0764765143
0.6831817 0.07848233
0.6889232 0.07846582
0.690869 0.07248032
0.686667 0.07534498
0.6881376 0.06866413
0.6804857 0.0755491853
0.6849296 0.065187335
0.681154132 0.06905526
0.6840156 0.07214463
0.677721143 0.0726531744
0.6744277 0.07617676
0.01636713 0.493669063
0.01558364 0.51183784
0.0154902693 0.493567973
0.0194871128 0.4751173
0.0164659061 0.511813045
0.0203591436 0.4753655
0.0194169879 0.528636336
0.0278905611 0.458379447
0.0202889834 0.5284847
0.0287090819 0.4587724
0.0261389334 0.5430413
0.03906066 0.444749266
0.0269969832 0.542754233
0.0398024246 0.445267916
0.0348328725 0.5551817
0.05163504 0.434730351
0.0356642529 0.5547251
0.0522787869 0.435370266
0.0454360247 0.565359831
0.06451234 0.428079
0.04618586 0.564703345
0.06503411 0.428841263
0.05779668 0.573410153
0.077385895 0.4239643
0.0583800226 0.572561562
0.07774499 0.424856484
0.07144446 0.5786849
0.0907641649 0.422077745
0.0717953742 0.577703953
0.09090099 0.423076063
0.085638 0.581368864
0.0857347548 0.5803186
0.09950675 0.5803727
0.0996727 0.581368864
0.112623729 0.5780088
0.113016196 0.578892767
0.125103652 0.573352456
0.125661284 0.574088335
0.137208134 0.566142738
0.137877181 0.566736
0.148612529 0.555832565
0.1493592 0.5562941
0.1583863 0.542406
0.159186155 0.542742848
0.16548638 0.526504159
0.166316569 0.5267203
0.169135 0.509413
0.169964254 0.509512544
0.170057952 0.492431551
0.169219911 0.492441565
0.166842327 0.476605833
0.1660068 0.4767267
0.161078036 0.462717146
0.160242543 0.462967128
0.153185114 0.450725764
0.152367234 0.451148719
0.143293753 0.4405175
0.1425513 0.4411372
0.13164188 0.432278
0.131041929 0.433081567
0.118658639 0.4262486
0.118259974 0.4271969
0.104775146 0.422649235
0.104634859 0.4236935
0.07774499 0.424856484
0.0702146143 0.4412533
0.06503411 0.428841263
0.0522787869 0.435370266
0.0808596 0.438084722
0.09090099 0.423076063
0.0915544257 0.436902523
0.104634859 0.4236935
0.05985327 0.447161973
0.0398024246 0.445267916
0.08292835 0.4496023
0.0744985938 0.452218354
0.0500362068 0.455758929
0.0287090819 0.4587724
0.0665790662 0.457435071
0.04151254 0.467053384
0.0203591436 0.4753655
0.0594429672 0.46502623
0.102358438 0.437715381
0.0915199444 0.449232846
0.0839790851 0.4586388
0.0774241239 0.460349917
0.07172902 0.464979738
0.113081843 0.440284282
0.118259974 0.4271969
0.07934974 0.46557337
0.123395555 0.4446745
0.131041929 0.433081567
0.132931322 0.450886548
0.1425513 0.4411372
0.141271815 0.45890525
0.152367234 0.451148719
0.148015171 0.468744576
0.160242543 0.462967128
0.152951673 0.480458558
0.1660068 0.4767267
0.169219911 0.492441565
0.137617633 0.474248171
0.131904766 0.466470838
0.124813132 0.4604391
0.1168878 0.4558577
0.155253634 0.493817151
0.169135 0.509413
0.125291288 0.472957373
0.140978128 0.483947217
0.15488413 0.508025169
0.16548638 0.526504159
0.108560279 0.452539444
0.119083934 0.4685335
0.1298913 0.4787914
0.142068669 0.494878173
0.151758671 0.5222173
0.1583863 0.542406
0.131850943 0.486442626
0.124949954 0.4816893
0.141077 0.5063824
0.1318336 0.4953353
0.120654739 0.479120374
0.124434076 0.4872148
0.145858243 0.535366237
0.148612529 0.555832565
0.118013643 0.4858355
0.137900382 0.546645939
0.137208134 0.566142738
0.128553987 0.5554495
0.125103652 0.573352456
0.11849 0.561562836
0.112623729 0.5780088
0.108100437 0.5652656
0.09950675 0.5803727
0.113350138 0.551211953
0.121138893 0.545780957
0.12804465 0.5380524
0.09735181 0.5667867
0.0857347548 0.5803186
0.104894042 0.5538703
0.1098001 0.5431659
0.08639608 0.5662987
0.0717953742 0.577703953
0.0961987 0.554434538
0.07550825 0.5638895
0.0583800226 0.572561562
0.133829236 0.528517
0.1154334 0.5384122
0.103127956 0.544856131
0.08748718 0.553424358
0.138178334 0.517755
0.1202955 0.5315168
0.1075172 0.537907243
0.09599539 0.544629037
0.124490149 0.5232762
0.13045159 0.5047953
0.110078767 0.533300936
0.102812178 0.537279367
0.113368481 0.526752353
0.104363985 0.5304463
0.127830744 0.5142201
0.09667913 0.536155343
0.116546549 0.5192658
0.106832586 0.5235045
0.119329967 0.511235237
0.08874368 0.5433067
0.09831386 0.5284809
0.109473146 0.5161971
0.0789368153 0.5511483
0.0902936161 0.5345505
0.100516006 0.521085441
0.06500262 0.5596466
0.08158112 0.541186154
0.09220388 0.526584
0.055188328 0.5536498
0.04618586 0.564703345
0.07064187 0.547771037
0.0839434862 0.5325061
0.06260803 0.543350935
0.07454599 0.5384057
0.0464924872 0.5456867
0.0356642529 0.5547251
0.0553026348 0.5373932
0.0391328856 0.535812
0.0269969832 0.542754233
0.0202889834 0.5284847
0.06775698 0.5348903
0.07768802 0.5300463
0.03400916 0.523730159
0.0164659061 0.511813045
0.04958713 0.5294744
0.06160292 0.5304636
0.0313675925 0.509943962
0.01636713 0.493669063
0.0460569859 0.519693851
0.0317061841 0.495179653
0.08616593 0.5245209
0.07159815 0.5272081
0.05702565 0.524648547
0.0448385775 0.508594751
0.035209693 0.480534971
0.0549906269 0.516957045
0.0617585555 0.5216224
0.04582531 0.496897519
0.0534073934 0.4745257
0.0549320355 0.5079982
0.0488623 0.485369831
0.0667251945 0.47178784
0.0659617856 0.5241455
0.06217625 0.516062737
0.0562908351 0.498481572
0.0623963177 0.479978919
0.07666287 0.470130563
0.068375 0.5173852
0.06317437 0.508462965
0.07324033 0.4766155
0.05896931 0.489025444
0.08206612 0.4729733
0.06996665 0.484046131
0.06713652 0.492034733
0.07943496 0.479851872
0.07013319 0.5100279
0.06487356 0.500281751
0.07670007 0.487101018
0.07200593 0.5023523
0.07417904 0.4946423
0.076416865 0.5121895
0.07845213 0.504602
0.0806131661 0.4970414
0.0829992741 0.489585459
0.0854963362 0.4822299
0.07428956 0.519717753
0.08021054 0.5221962
0.08242696 0.5145266
0.08456543 0.5069114
0.0867626444 0.4993363
0.08909063 0.491816223
0.08836022 0.516813755
0.09057531 0.509192646
0.0928256 0.5015924
0.09436757 0.5189482
0.09665192 0.511405349
0.102909081 0.513674855
0.09894629 0.5038572
0.09511283 0.4940007
0.1052642 0.5061761
0.111961752 0.5086066
0.101182349 0.496270776
0.107461631 0.4985885
0.114160545 0.500863135
0.121595748 0.5029665
0.12334194 0.494789243
0.116114192 0.493177146
0.109599814 0.490995735
0.103432819 0.488665372
0.11190138 0.48349154
0.09744118 0.486407459
0.105838783 0.481037378
0.114845835 0.476069868
0.09148586 0.4843175
0.09983413 0.478755653
0.112255037 0.4650246
0.10862907 0.473294765
0.0938501656 0.476746351
0.102365218 0.470870435
0.08788872 0.474901855
0.105181776 0.462359071
0.09607826 0.468874425
0.08983195 0.467308551
0.09811183 0.460257232
0.08388481 0.466201723
0.09099079 0.458921641
0.10006 0.4503929
T 17208
0 1 2
3 4 5
6 7 8
9 10 11
12 13 14
15 12 16
17 18 19
20 21 22
23 24 25
26 27 28
29 30 31
32 33 34
35 36 37
38 39 40
41 42 43
44 45 46
47 48 49
50 51 52
53 54 55
56 57 58
59 60 61
62 63 64
65 66 67
68 69 70
71 72 73
74 75 76
77 78 79
80 81 82
83 84 85
86 87 88
89 90 91
92 93 94
95 96 97
98 99 100
101 102 103
104 105 106
107 108 109
110 111 112
113 114 115
116 117 118
119 120 121
122 120 123
124 125 126
127 128 129
130 131 132
133 134 135
136 137 138
139 140 141
142 143 144
145 146 147
148 149 150
151 152 153
154 155 156
157 158 159
160 161 162
163 164 165
166 167 168
169 170 171
172 173 174
175 176 177
178 179 180
181 182 183
184 185 186
187 188 189
190 191 192
193 194 195
196 197 198
199 200 201
202 203 204
205 206 207
208 209 210
209 211 212
213 214 215
214 216 217
218 219 220
221 222 223
222 224 225
226 227 228
229 230 231
232 233 234
235 236 237
238 239 240
241 242 243
244 245 246
247 248 245
249 250 251
252 253 254
255 256 257
258 259 260
261 262 263
262 264 265
266 267 268
267 269 270
271 272 273
274 275 276
277 278 279
280 281 282
283 284 285
286 287 288
289 290 291
292 293 294
295 296 297
298 299 300
301 302 303
304 305 306
307 308 309
310 311 312
313 314 315
316 317 318
319 320 321
322 323 324
325 326 327
328 329 330
331 332 333
334 335 336
337 338 339
340 341 342
343 344 345
346 347 348
349 350 351
352 353 354
355 356 357
358 359 360
361 362 363
364 365 366
367 368 369
370 371 372
373 374 375
376 377 378
379 380 381
382 383 384
385 386 387
388 389 390
391 392 393
394 395 396
397 398 399
400 401 402
403 404 405
406 407 408
409 410 411
412 413 414
415 416 417
418 419 420
421 422 423
424 425 426
427 428 429
430 431 432
433 434 435
436 437 438
439 440 441
442 443 444
445 446 447
448 449 450
451 452 453
454 455 456
457 458 459
460 461 462
463 464 465
466 467 468
469 470 471
472 473 474
475 476 477
478 479 480
481 482 483
484 485 486
487 488 489
490 491 492
493 494 495
496 497 498
499 500 501
502 503 504
505 506 507
508 509 510
511 512 513
514 515 516
517 518 519
520 521 522
523 524 525
526 527 528
529 530 531
532 533 534
535 536 537
538 539 540
541 542 543
544 545 546
547 548 549
550 551 552
553 554 555
556 557 558
559 558 560
559 560 561
559 561 562
563 562 561
563 561 564
563 564 565
563 565 566
567 565 568
567 568 569
567 569 570
571 570 569
572 573 574
575 576 577
578 579 580
581 582 583
584 585 586
587 588 589
590 591 592
593 594 595
596 597 598
599 600 601
602 603 604
605 606 607
608 609 610
611 612 613
614 615 616
617 618 619
620 621 622
623 624 625
626 627 628
629 630 631
632 633 634
635 636 637
638 639 640
641 642 643
644 645 646
647 648 649
650 651 652
653 654 655
656 657 658
659 660 661
659 662 663
663 664 665
666 667 665
666 668 667
667 668 669
667 670 671
669 672 671
669 673 672
672 674 675
674 676 675
674 677 676
678 676 677
679 680 681
682 683 684
685 686 687
688 689 690
691 692 693
694 695 696
697 698 699
700 701 702
703 704 705
706 707 708
709 708 710
711 712 709
713 710 714
714 715 716
717 714 718
719 720 717
714 721 722
721 723 722
721 724 723
725 726 727
728 729 730
731 732 733
734 735 736
737 738 739
740 741 742
743 744 745
746 747 748
749 750 751
752 753 754
755 756 757
758 759 760
761 762 763
764 765 766
767 768 769
770 771 772
773 774 775
776 777 778
779 780 781
782 783 784
785 786 787
788 789 790
791 792 793
794 795 796
797 798 799
800 801 802
803 804 805
806 807 808
809 810 811
812 813 814
815 816 817
818 819 820
821 822 823
824 825 826
827 828 829
830 831 832
833 834 835
836 837 838
839 840 841
842 843 844
845 846 847
848 849 850
851 852 853
854 855 856
857 858 859
860 861 862
863 864 865
866 867 868
869 870 871
872 873 874
875 876 877
878 879 880
881 882 883
884 885 886
887 888 889
890 891 892
893 894 895
896 897 898
899 900 901
902 903 904
905 906 907
908 909 910
911 912 913
914 915 916
917 918 919
920 921 922
923 924 925
926 927 928
929 930 931
932 933 934
935 936 937
938 939 940
941 942 943
944 945 946
947 948 949
950 951 952
953 954 955
956 957 958
959 960 961
962 963 964
965 966 967
968 969 970
971 972 973
974 975 976
977 978 979
980 981 982
983 984 985
986 987 988
989 990 991
992 993 994
995 996 997
998 999 1000
1001 1002 1003
1004 1005 1006
1007 1008 1009
1010 1011 1012
1013 1014 1015
1016 1017 1018
1019 1020 1021
1022 1023 1024
1025 1026 1027
1028 1029 1030
1031 1032 1033
1034 1035 1036
1037 1038 1039
1040 1041 1042
1043 1044 1045
1046 1047 1048
1049 1050 1051
1052 1053 1054
1055 1056 1057
1058 1059 1060
1061 1062 1063
1064 1065 1066
1067 1068 1069
1070 1071 1072
1073 1074 1075
1076 1077 1078
1079 1080 1081
1082 1083 1084
1085 1086 1087
1088 1089 1090
1091 1092 1093
1094 1095 1096
1097 1098 1099
1100 1101 1102
1103 1104 1105
1106 1107 1108
1109 1110 1111
1112 1113 1114
1115 1116 1117
1118 1119 1120
1121 1122 1123
1124 1125 1126
1127 1128 1129
1130 1131 1132
1133 1134 1135
1136 1137 1138
1139 1140 1141
1142 1143 1144
1145 1146 1147
1148 1149 1150
1151 1152 1153
1154 1155 1156
1157 1158 1159
1160 1161 1162
1163 1164 1165
1166 1167 1168
1169 1170 1171
1172 1173 1174
1175 1176 1177
1178 1179 1180
1181 1182 1183
1184 1185 1186
1187 1188 1189
1190 1191 1192
1193 1194 1195
1196 1193 1197
1193 1198 1197
1196 1197 1199
1200 1196 1199
1198 1201 1202
1198 1202 1203
1203 1202 1204
1203 1204 1205
1204 1206 1205
1204 1207 1206
1207 1208 1206
1208 1209 1200
1200 1209 1210
1211 1212 1209
1213 1212 1211
1214 1215 1216
1217 1218 1219
1220 1221 1222
1223 1224 1225
1226 1227 1228
1229 1230 1231
1232 1233 1234
1235 1236 1237
1238 1239 1240
1241 1242 1243
1244 1245 1246
1247 1248 1249
1250 1251 1252
1253 1254 1255
1256 1257 1258
1259 1260 1261
1262 1263 1264
1265 1266 1267
1268 1269 1270
1271 1272 1273
1274 1275 1276
1277 1278 1279
1280 1281 1282
1283 1284 1285
1286 1287 1288
1289 1290 1291
1292 1293 1294
1295 1296 1297
1298 1299 1300
1301 1302 1303
1304 1305 1306
1307 1308 1309
1310 1311 1312
1313 1314 1315
1316 1317 1318
1319 1320 1321
1322 1323 1324
1325 1326 1327
1328 1329 1330
1331 1332 1333
1334 1335 1336
1337 1338 1339
1340 1341 1342
1343 1344 1345
1346 1347 1348
1349 1350 1351
1352 1353 1354
1355 1356 1357
1358 1359 1360
1361 1362 1363
1364 1365 1366
1367 1368 1369
1370 1371 1372
1373 1374 1375
1376 1377 1378
1379 1380 1381
1382 1383 1384
1385 1386 1387
1388 1389 1390
1391 1392 1393
1394 1395 1396
1397 1398 1399
1400 1401 1402
1403 1404 1405
1406 1407 1408
1409 1410 1411
1412 1413 1414
1415 1416 1417
1418 1419 1420
1421 1422 1423
1424 1425 1426
1427 1428 1429
1430 1431 1432
1433 1434 1435
1436 1437 1438
1439 1440 1441
1442 1443 1444
1445 1446 1447
1448 1449 1450
1451 1452 1453
1454 1455 1456
1457 1458 1459
1460 1461 1462
1463 1464 1465
1466 1467 1468
1469 1470 1471
1472 1473 1474
1475 1476 1477
1478 1479 1480
1481 1482 1483
1484 1485 1486
1487 1488 1489
1490 1491 1492
1493 1494 1495
1496 1497 1498
1499 1500 1501
1502 1503 1504
1505 1506 1507
1508 1509 1510
1511 1512 1513
1514 1515 1516
1517 1518 1519
1520 1521 1522
1523 1524 1525
1526 1527 1528
1529 1530 1531
1532 1531 1533
1534 1535 1536
1537 1538 1539
1540 1539 1541
1542 1543 1544
1545 1544 1546
1547 1548 1549
1550 1551 1552
1553 1554 1555
1556 1555 1557
1558 1559 1560
1561 1560 1562
1563 1564 1565
1566 1567 1568
1569 1570 1571
1572 1573 1574
1575 1576 1577
1578 1579 1580
1581 1582 1583
1584 1585 1586
1587 1588 1589
1590 1591 1592
1593 1594 1595
1596 1597 1598
1599 1600 1601
1602 1603 1604
1605 1606 1607
1608 1609 1610
1611 1612 1613
1614 1615 1616
1617 1618 1619
1620 1621 1622
1623 1624 1625
1626 1627 1628
1629 1630 1631
1632 1633 1634
1635 1636 1637
1638 1639 1640
1641 1642 1643
1644 1645 1646
1647 1648 1649
1650 1651 1652
1653 1654 1655
1656 1657 1658
1659 1660 1661
1662 1663 1664
1665 1666 1667
1668 1669 1670
1671 1672 1673
1674 1675 1676
1677 1678 1679
1680 1681 1682
1683 1684 1685
1686 1687 1688
1689 1690 1691
1692 1693 1694
1695 1696 1697
1698 1699 1700
1701 1702 1703
1704 1705 1706
1707 1708 1709
1710 1711 1712
1713 1714 1715
1716 1717 1718
1719 1720 1721
1722 1723 1724
1725 1726 1727
1728 1729 1730
1731 1732 1733
1734 1735 1736
1737 1738 1739
1740 1741 1742
1743 1744 1745
1746 1747 1748
1749 1750 1751
1752 1753 1754
1755 1756 1757
1758 1759 1760
1761 1762 1763
1764 1765 1766
1767 1768 1769
1770 1771 1772
1773 1774 1775
1776 1777 1774
1778 1777 1779
1780 1781 1782
1783 1784 1785
1786 1787 1788
1789 1788 1790
1791 1792 1793
1794 1793 1795
1796 1797 1798
1799 1800 1801
1802 1803 1804
1805 1804 1806
1807 1808 1809
1810 1809 1811
1812 1813 1814
1815 1816 1817
1818 1817 1819
1820 1821 1822
1823 1824 1825
1826 1827 1828
1829 1830 1831
1832 1833 1834
1835 1836 1837
1838 1839 1840
1841 1842 1843
1844 1845 1846
1847 1848 1849
1850 1851 1852
1853 1854 1855
1856 1857 1858
1859 1860 1861
1862 1863 1864
1865 1866 1867
1868 1869 1870
1871 1872 1873
1874 1875 1876
1877 1878 1879
1880 1881 1882
1883 1884 1885
1886 1887 1888
1889 1890 1891
1892 1893 1894
1895 1896 1897
1898 1899 1900
1901 1902 1903
1904 1905 1906
1907 1908 1909
1910 1911 1912
1913 1914 1915
1916 1917 1918
1919 1920 1921
1922 1923 1924
1925 1926 1927
1928 1929 1930
1931 1932 1933
1934 1935 1936
1937 1938 1939
1940 1937 1941
1942 1940 1943
1944 1945 1946
1947 1948 1949
1950 1951 1948
1952 1951 1950
1953 1954 1955
1956 1957 1958
1959 1958 1960
1959 1960 1961
1961 1960 1962
1963 1964 1965
1966 1967 1968
1969 1970 1971
1972 1973 1974
1975 1976 1977
1978 1979 1980
1981 1982 1983
1984 1985 1986
1985 1987 1988
1989 1990 1991
1990 1992 1993
1994 1995 1996
1995 1997 1998
1999 2000 2001
2002 2003 2000
2004 2005 2006
2007 2008 2005
2009 2010 2011
2012 2013 2014
2015 2016 2017
2018 2019 2020
2021 2022 2023
2024 2025 2022
2026 2027 2028
2029 2030 2031
2032 2033 2034
2035 2036 2037
2038 2039 2040
2041 2042 2043
2044 2045 2046
2047 2048 2049
2050 2051 2052
2053 2054 2055
2056 2057 2058
2059 2060 2061
2062 2063 2064
2065 2066 2067
2068 2069 2070
2071 2072 2073
2074 2075 2076
2077 2078 2079
2080 2081 2082
2083 2084 2081
2085 2086 2084
2087 2088 2089
2090 2091 2092
2093 2094 2095
2096 2097 2098
2099 2100 2101
2102 2103 2104
2105 2106 2107
2108 2109 2110
2109 2111 2112
2111 2113 2114
2115 2116 2117
2116 2118 2119
2118 2120 2119
2121 2122 2123
2122 2124 2125
2126 2127 2128
2129 2130 2131
2132 2133 2134
2135 2136 2137
2138 2139 2140
2141 2142 2143
2144 2145 2146
2147 2148 2145
2149 2150 2151
2152 2153 2150
2154 2155 2156
2157 2158 2155
2159 2160 2161
2162 2163 2164
2165 2166 2167
2168 2169 2170
2171 2172 2173
2174 2175 2176
2177 2174 2178
2177 2178 2179
2180 2181 2182
2183 2182 2184
2185 2183 2184
2186 2187 2188
2189 2190 2191
2192 2193 2194
2195 2196 2197
2198 2199 2200
2201 2202 2203
2204 2205 2206
2207 2208 2209
2210 2211 2212
2213 2214 2215
2216 2217 2218
2219 2220 2221
2222 2219 2223
2224 2225 2226
2227 2228 2229
2230 2231 2232
2233 2234 2235
2236 2237 2238
2239 2240 2241
2242 2243 2244
2245 2246 2247
2248 2249 2250
2251 2252 2253
2254 2255 2256
2257 2258 2259
2260 2261 2262
2263 2264 2265
2266 2267 2268
2269 2270 2271
2272 2273 2274
2275 2276 2277
2278 2279 2280
2281 2282 2283
2284 2285 2286
2287 2288 2289
2290 2291 2292
2291 2293 2294
2295 2294 2296
2297 2298 2299
2300 2301 2302
2303 2304 2305
2306 2307 2308
2309 2310 2311
2312 2313 2314
2315 2316 2317
2318 2319 2320
2321 2322 2323
2324 2325 2326
2327 2328 2329
2330 2331 2332
2333 2334 2335
2336 2337 2338
2339 2340 2341
2342 2343 2344
2345 2346 2347
2348 2349 2350
2349 2351 2352
2353 2354 2355
2356 2357 2358
2359 2360 2361
2362 2363 2364
2365 2366 2367
2368 2369 2370
2371 2372 2373
2374 2375 2376
2377 2378 2379
2380 2381 2382
2383 2384 2385
2386 2387 2388
2389 2390 2391
2392 2393 2394
2395 2396 2397
2398 2399 2400
2401 2402 2403
2404 2405 2406
2407 2408 2409
2410 2411 2412
2413 2414 2415
2416 2417 2418
2419 2420 2421
2422 2423 2424
2425 2426 2427
2428 2429 2430
2431 2432 2433
2434 2435 2436
2437 2438 2439
2440 2441 2442
2443 2444 2445
2446 2447 2448
2449 2450 2451
2452 2453 2454
2455 2456 2457
2458 2459 2460
2461 2462 2463
2464 2465 2466
2467 2468 2469
2470 2471 2472
2473 2474 2475
2476 2477 2478
2479 2480 2481
2482 2483 2484
2485 2486 2487
2488 2489 2490
2491 2492 2493
2494 2495 2496
2497 2494 2498
2497 2498 2499
2500 2501 2502
2503 2500 2504
2503 2505 2506
2507 2508 2505
2509 2510 2511
2512 2513 2514
2515 2516 2517
2518 2519 2520
2521 2522 2523
2524 2525 2526
2527 2528 2525
2529 2530 2531
2532 2533 2534
2535 2536 2537
2538 2539 2540
2541 2542 2539
2543 2544 2545
2546 2547 2544
2548 2549 2550
2551 2552 2553
2554 2555 2556
2557 2554 2558
2559 2560 2561
2562 2563 2564
2565 2566 2567
2568 2569 2570
2571 2572 2573
2574 2575 2576
2577 2578 2579
2580 2581 2582
2583 2584 2585
2586 2587 2588
2589 2590 2591
2592 2593 2594
2595 2596 2597
2598 2599 2600
2601 2602 2603
2604 2605 2606
2607 2608 2609
2610 2611 2612
2613 2614 2615
2616 2617 2618
2619 2620 2621
2622 2623 2624
2625 2626 2627
2628 2629 2630
2631 2632 2633
2634 2635 2636
2637 2638 2639
2640 2641 2642
2643 2644 2645
2646 2647 2648
2649 2650 2651
2652 2653 2654
2655 2656 2657
2658 2659 2660
2661 2662 2663
2664 2665 2666
2667 2668 2669
2670 2671 2672
2673 2674 2675
2676 2677 2678
2679 2680 2681
2682 2683 2684
2685 2686 2687
2688 2689 2690
2691 2692 2693
2694 2695 2696
2697 2698 2699
2700 2701 2702
2703 2704 2705
2706 2707 2708
2709 2710 2711
2712 2713 2714
2715 2716 2717
2718 2719 2720
2721 2722 2723
2724 2725 2726
2727 2728 2729
2730 2731 2732
2733 2734 2735
2736 2737 2738
2739 2740 2741
2742 2743 2744
2745 2746 2747
2748 2749 2750
2751 2752 2753
2754 2755 2756
2757 2758 2759
2760 2761 2762
2763 2764 2765
2766 2767 2768
2769 2770 2771
2772 2773 2774
2775 2772 2776
2777 2778 2775
2779 2780 2781
2782 2783 2784
2785 2786 2787
2788 2789 2790
2791 2792 2793
2794 2795 2796
2797 2798 2799
2800 2801 2802
2803 2804 2805
2806 2807 2808
2809 2810 2811
2812 2813 2814
2815 2816 2817
2818 2819 2820
2821 2822 2823
2824 2825 2826
2827 2828 2829
2830 2831 2832
2833 2834 2835
2836 2833 2837
2838 2839 2840
2841 2838 2842
2843 2844 2845
2846 2843 2847
2848 2849 2850
2851 2852 2853
2854 2855 2856
2857 2858 2859
2860 2859 2861
2862 2863 2864
2865 2866 2867
2868 2869 2870
2871 2872 2873
2874 2871 2875
2876 2877 2878
2879 2880 2881
2882 2883 2884
2885 2886 2887
2888 2889 2890
2891 2892 2893
2894 2895 2896
2897 2896 2898
2899 2900 2901
2902 2901 2903
2904 2905 2906
2907 2908 2909
2910 2911 2912
2913 2914 2915
2916 2917 2918
2919 2920 2921
2922 2923 2924
2925 2926 2927
2926 2928 2929
2930 2931 2932
2933 2934 2935
2936 2937 2938
2939 2940 2941
2942 2943 2944
2945 2946 2947
2948 2949 2950
2951 2952 2953
2954 2955 2956
2957 2958 2959
2960 2961 2962
2963 2964 2965
2966 2967 2968
2969 2970 2971
2972 2973 2974
2975 2976 2977
2978 2979 2980
2981 2982 2983
2984 2985 2986
2987 2986 2988
2987 2988 2989
2990 2991 2992
2993 2994 2995
2996 2997 2998
2999 3000 3001
3002 3003 3004
3005 3006 3007
3008 3009 3010
3011 3012 3013
3014 3015 3016
3017 3018 3019
3020 3021 3022
3023 3024 3025
3026 3027 3028
3029 3030 3031
3032 3033 3034
3035 3036 3037
3038 3039 3040
3041 3042 3043
3044 3045 3046
3047 3048 3049
3050 3051 3052
3053 3054 3055
3056 3057 3058
3059 3060 3061
3062 3063 3064
3065 3066 3067
3068 3069 3070
3071 3072 3073
3074 3075 3076
3077 3078 3079
3080 3081 3082
3083 3084 3085
3086 3087 3088
3089 3090 3091
3092 3089 3093
3092 3093 3094
3095 3096 3097
3098 3099 3100
3101 3102 3103
3104 3105 3106
3107 3108 3109
3110 3109 3111
3110 3111 3112
3113 3114 3115
3116 3117 3118
3119 3120 3121
3122 3123 3124
3125 3126 3127
3128 3129 3130
3131 3132 3133
3134 3135 3136
3137 3138 3139
3140 3141 3142
3143 3144 3145
3146 3147 3148
3149 3150 3151
3152 3153 3154
3155 3156 3157
3158 3159 3160
3161 3162 3163
3164 3165 3166
3167 3168 3169
3170 3171 3172
3173 3174 3175
3176 3177 3178
3179 3180 3181
3182 3183 3184
3185 3186 3187
3188 3189 3190
3191 3192 3193
3194 3195 3196
3197 3198 3199
3200 3201 3202
3203 3204 3205
3206 3207 3208
3209 3210 3211
3212 3213 3214
3215 3216 3217
3218 3217 3219
3220 3221 3222
3223 3224 3225
3226 3225 3227
3228 3229 3230
3231 3232 3233
3234 3235 3236
3237 3238 3239
3240 3241 3242
3243 3244 3245
3246 3247 3248
3249 3250 3251
3252 3253 3254
3255 3256 3257
3258 3259 3260
3261 3262 3263
3264 3265 3266
3267 3268 3269
3270 3271 3272
3273 3274 3275
3276 3277 3278
3279 3280 3281
3282 3283 3284
3284 3285 3286
3286 3285 3287
3288 3289 3290
3291 3292 3293
3294 3295 3296
3297 3298 3299
3300 3301 3302
3303 3304 3305
3306 3307 3308
3309 3310 3311
3312 3313 3314
3315 3316 3317
3318 3319 3320
3321 3322 3323
3324 3325 3326
3327 3328 3329
3330 3331 3332
3333 3334 3335
3336 3337 3338
3339 3340 3341
3342 3343 3344
3345 3346 3347
3348 3349 3350
3351 3352 3353
3354 3355 3356
3357 3358 3359
3360 3361 3362
3363 3364 3365
3366 3367 3368
3369 3370 3371
3372 3373 3374
3375 3376 3377
3378 3379 3380
3381 3382 3383
3384 3385 3386
3387 3388 3389
3390 3391 3392
3393 3394 3395
3396 3397 3398
3399 3400 3401
3402 3403 3404
3405 3406 3407
3408 3409 3410
3411 3412 3413
3414 3415 3416
3417 3418 3419
3420 3421 3422
3423 3424 3425
3426 3427 3428
3429 3430 3431
3432 3433 3434
3435 3436 3437
3438 3439 3440
3441 3442 3438
3441 3443 3442
3444 3445 3446
3447 3448 3449
3450 3451 3452
3453 3454 3455
3456 3457 3458
3459 3460 3461
3462 3463 3464
3465 3466 3467
3468 3469 3470
3471 3472 3473
3474 3475 3472
3474 3476 3475
3477 3478 3479
3480 3481 3482
3483 3484 3485
3486 3487 3488
3489 3490 3491
3492 3493 3494
3495 3496 3497
3498 3499 3500
3501 3502 3503
3504 3505 3506
3507 3508 3509
3510 3511 3512
3513 3514 3515
3516 3517 3518
3519 3520 3521
3522 3523 3519
3524 3525 3526
3527 3528 3529
3530 3531 3532
3533 3534 3535
3536 3537 3538
3539 3540 3541
3542 3543 3544
3545 3546 3547
3548 3549 3550
3551 3552 3553
3554 3555 3556
3557 3558 3559
3560 3561 3562
3563 3564 3565
3566 3567 3568
3569 3570 3571
3572 3573 3574
3575 3576 3577
3578 3579 3580
3581 3582 3583
3584 3585 3586
3587 3588 3589
3590 3591 3592
3593 3594 3595
3596 3597 3598
3599 3600 3601
3602 3603 3604
3605 3606 3607
3608 3609 3610
3611 3612 3613
3614 3615 3616
3617 3618 3619
3620 3621 3622
3623 3624 3625
3626 3627 3628
3629 3630 3631
3632 3633 3634
3635 3636 3637
3638 3639 3640
3641 3642 3643
3644 3645 3646
3647 3648 3649
3650 3651 3652
3653 3654 3655
3656 3657 3658
3659 3660 3661
3662 3663 3664
3665 3666 3667
3668 3669 3670
3671 3672 3673
3674 3675 3676
3677 3678 3679
3680 3681 3682
3683 3684 3685
3686 3687 3688
3689 3690 3691
3692 3693 3694
3695 3696 3697
3698 3699 3700
3701 3702 3703
3704 3705 3706
3707 3708 3709
3710 3711 3712
3713 3714 3715
3716 3717 3718
3719 3720 3721
3722 3723 3724
3725 3726 3727
3728 3729 3730
3731 3732 3733
3734 3735 3736
3737 3738 3739
3740 3741 3742
3743 3744 3745
3746 3747 3748
3749 3750 3751
3752 3753 3754
3755 3756 3757
3758 3759 3760
3761 3762 3763
3764 3765 3766
3767 3768 3769
3770 3771 3772
3773 3774 3775
3776 3777 3778
3779 3780 3781
3782 3783 3784
3785 3786 3787
3788 3789 3790
3791 3792 3793
3794 3795 3796
3797 3798 3799
3800 3801 3802
3803 3804 3805
3806 3807 3808
3809 3810 3811
3812 3813 3814
3815 3816 3817
3815 3818 3819
3820 3821 3822
3823 3824 3825
3826 3827 3828
3829 3830 3831
3832 3833 3834
3835 3836 3837
3838 3839 3840
3841 3842 3843
3844 3845 3846
3847 3848 3849
3850 3851 3852
3853 3854 3855
3856 3857 3858
3859 3860 3861
3862 3863 3864
3865 3866 3867
3868 3869 3870
3871 3872 3873
3874 3875 3876
3877 3878 3879
3880 3881 3882
3883 3884 3885
3886 3887 3888
3889 3890 3891
3892 3893 3894
3895 3896 3897
3898 3899 3900
3901 3902 3903
3904 3905 3906
3907 3908 3909
3910 3911 3912
3913 3914 3915
3916 3917 3918
3919 3920 3921
3922 3923 3924
3925 3926 3927
3928 3929 3930
3931 3932 3933
3934 3935 3936
3937 3938 3939
3940 3941 3942
3943 3944 3945
3946 3947 3948
3949 3950 3951
3952 3953 3954
3955 3956 3957
3958 3959 3960
3961 3962 3963
3964 3965 3966
3967 3968 3969
3970 3971 3972
3973 3974 3975
3976 3977 3978
3979 3980 3981
3982 3983 3984
3985 3986 3987
3988 3989 3990
3991 3992 3993
3994 3995 3996
3997 3998 3999
4000 4001 4002
4003 4004 4005
4006 4007 4008
4009 4010 4011
4012 4013 4014
4015 4016 4017
4018 4019 4020
4021 4022 4023
4024 4025 4026
4027 4028 4029
4030 4031 4032
4033 4034 4035
4036 4037 4038
4039 4040 4041
4042 4043 4044
4045 4046 4047
4048 4049 4050
4051 4052 4053
4054 4055 4056
4057 4058 4059
4060 4061 4062
4063 4064 4065
4066 4067 4068
4069 4070 4071
4072 4073 4074
4075 4076 4077
4078 4079 4080
4081 4082 4083
4084 4085 4086
4087 4088 4089
4090 4091 4092
4093 4094 4095
4096 4097 4098
4099 4100 4101
4102 4103 4104
4105 4106 4107
4108 4109 4110
4111 4112 4113
4114 4115 4116
4117 4118 4119
4120 4121 4122
4123 4124 4125
4126 4127 4128
4129 4130 4131
4132 4133 4134
4135 4136 4137
4138 4139 4140
4141 4142 4143
4144 4145 4146
4147 4148 4149
4150 4151 4152
4153 4154 4155
4156 4157 4158
4159 4160 4161
4162 4163 4164
4165 4166 4167
4168 4169 4170
4171 4172 4173
4174 4175 4176
4177 4178 4179
4180 4181 4182
4183 4184 4185
4186 4187 4188
4189 4190 4191
4192 4193 4194
4195 4196 4197
4198 4199 4200
4201 4202 4203
4204 4205 4206
4207 4208 4209
4210 4211 4212
4213 4214 4215
4216 4217 4218
4219 4220 4221
4222 4223 4224
4225 4226 4227
4228 4229 4230
4231 4232 4233
4234 4235 4236
4237 4238 4239
4240 4241 4242
4243 4244 4245
4246 4247 4248
4249 4250 4251
4252 4253 4254
4255 4256 4257
4258 4259 4260
4261 4262 4263
4264 4265 4266
4267 4268 4269
4270 4271 4272
4273 4274 4275
4276 4277 4278
4279 4280 4281
4282 4283 4284
4285 4286 4287
4288 4289 4290
4291 4292 4293
4294 4295 4296
4297 4298 4299
4300 4301 4302
4303 4304 4305
4306 4307 4308
4309 4310 4311
4312 4313 4314
4315 4316 4317
4318 4319 4320
4321 4322 4323
4324 4325 4326
4327 4328 4329
4330 4331 4332
4333 4334 4335
4336 4337 4338
4339 4340 4341
4342 4343 4344
4345 4346 4347
4348 4349 4350
4351 4352 4353
4354 4355 4356
4357 4358 4359
4360 4361 4362
4363 4364 4365
4366 4367 4368
4369 4370 4371
4372 4373 4374
4375 4376 4377
4378 4379 4380
4381 4382 4383
4384 4385 4386
4387 4388 4389
4390 4391 4392
4393 4394 4395
4396 4397 4398
4399 4400 4401
4402 4403 4404
4405 4406 4407
4408 4409 4410
4411 4412 4413
4414 4415 4416
4417 4418 4419
4420 4421 4422
4423 4424 4425
4426 4427 4428
4429 4430 4431
4432 4433 4434
4435 4436 4437
4438 4439 4440
4441 4442 4443
4444 4445 4446
4447 4448 4449
4450 4451 4452
4453 4454 4455
4456 4457 4458
4459 4460 4461
4462 4463 4464
4465 4466 4467
4468 4469 4470
4471 4472 4473
4474 4475 4476
4477 4478 4479
4480 4481 4482
4483 4484 4485
4486 4487 4488
4489 4490 4491
4492 4493 4494
4495 4496 4497
4498 4499 4500
4501 4502 4503
4504 4505 4506
4507 4508 4509
4510 4511 4512
4513 4514 4515
4516 4517 4518
4519 4520 4521
4522 4523 4524
4525 4526 4527
4528 4529 4530
4531 4532 4533
4534 4535 4536
4537 4538 4539
4540 4541 4542
4543 4544 4545
4546 4547 4548
4549 4550 4551
4552 4553 4554
4555 4556 4557
4558 4559 4560
4561 4562 4563
4564 4565 4566
4567 4568 4569
4570 4571 4572
4573 4574 4575
4576 4577 4578
4579 4580 4581
4582 4583 4584
4585 4586 4587
4588 4589 4590
4591 4592 4593
4594 4595 4596
4597 4598 4599
4600 4601 4602
4603 4604 4605
4606 4607 4608
4609 4610 4611
4612 4613 4614
4615 4616 4617
4618 4619 4620
4621 4622 4623
4624 4625 4626
4627 4628 4629
4630 4631 4632
4633 4634 4635
4636 4637 4638
4639 4640 4641
4642 4643 4644
4645 4646 4647
4648 4649 4650
4650 4651 4652
4653 4654 4655
4655 4656 4657
4658 4659 4660
4661 4662 4663
4664 4665 4666
4666 4667 4668
4669 4670 4671
4672 4673 4674
4675 4676 4677
4678 4679 4680
4681 4682 4683
4684 4685 4686
4687 4688 4689
4690 4691 4692
4693 4694 4695
4696 4697 4698
4699 4700 4701
4702 4703 4704
4705 4706 4707
4708 4709 4710
4711 4712 4713
4714 4715 4716
4717 4718 4719
4717 4720 4721
4722 4721 4720
4721 4722 4723
4724 4723 4722
4725 4723 4724
4726 4725 4724
4725 4726 4727
4728 4729 4730
4730 4731 4732
4733 4731 4734
4732 4735 4736
4735 4737 4738
4739 4740 4741
4742 4743 4744
4745 4746 4747
4748 4749 4750
4751 4752 4753
4754 4755 4756
4757 4758 4759
4760 4761 4762
4763 4764 4765
4766 4767 4768
4769 4770 4771
4772 4773 4774
4775 4776 4777
4778 4779 4780
4781 4782 4783
4784 4785 4786
4787 4788 4789
4790 4791 4792
4793 4794 4795
4796 4797 4798
4799 4800 4801
4802 4803 4804
4805 4806 4807
4808 4809 4810
4811 4812 4813
4814 4815 4816
4817 4818 4819
4820 4821 4822
4823 4824 4825
4826 4827 4828
4829 4830 4831
4832 4833 4834
4835 4836 4837
4838 4839 4840
4841 4842 4843
4844 4845 4846
4847 4848 4849
4850 4851 4852
4853 4854 4855
4856 4857 4858
4859 4860 4861
4862 4863 4864
4865 4866 4867
4868 4869 4870
4871 4872 4873
4874 4875 4876
4877 4878 4879
4880 4881 4882
4883 4884 4885
4886 4887 4888
4889 4890 4891
4892 4893 4894
4895 4896 4897
4898 4899 4900
4901 4902 4903
4904 4905 4906
4907 4908 4909
4910 4911 4912
4913 4914 4915
4916 4917 4918
4919 4920 4921
4922 4923 4924
4925 4926 4927
4927 4928 4929
4930 4931 4932
4933 4934 4935
4936 4937 4938
4938 4939 4940
4941 4942 4943
4943 4944 4945
4946 4947 4948
4949 4950 4951
4952 4953 4954
4955 4956 4957
4958 4959 4960
4961 4962 4963
4964 4965 4966
4967 4968 4969
4970 4971 4972
4973 4974 4975
4976 4977 4978
4979 4980 4981
4982 4983 4984
4985 4986 4987
4988 4989 4990
4991 4992 4993
4994 4995 4996
4997 4998 4999
5000 5001 5002
5003 5004 5005
5006 5007 5008
5008 5009 5010
5010 5011 5012
5013 5012 5011
5012 5013 5014
5015 5011 5016
5017 5018 5019
5020 5021 5022
5023 5024 5025
5026 5027 5028
5029 5030 5031
5032 5033 5034
5035 5036 5037
5038 5039 5040
5041 5042 5043
5044 5045 5046
5047 5048 5049
5050 5051 5052
5053 5054 5055
5056 5057 5058
5059 5060 5061
5062 5063 5064
5065 5066 5067
5068 5069 5070
5071 5072 5073
5074 5075 5076
5077 5078 5079
5080 5081 5078
5082 5083 5084
5085 5086 5087
5088 5089 5090
5091 5092 5093
5094 5095 5096
5097 5098 5099
5100 5101 5102
5103 5104 5105
5106 5107 5108
5109 5110 5111
5112 5111 5113
5114 5115 5116
5117 5118 5114
5119 5120 5121
5122 5123 5124
5125 5126 5127
5128 5129 5130
5131 5132 5133
5134 5135 5136
5137 5138 5135
5139 5140 5141
5142 5143 5144
5145 5146 5147
5148 5149 5150
5151 5152 5153
5154 5155 5156
5157 5158 5159
5160 5161 5158
5162 5163 5164
5165 5166 5167
5168 5169 5170
5171 5172 5173
5174 5175 5176
5177 5178 5174
5177 5179 5178
5180 5181 5182
5183 5184 5180
5185 5186 5187
5188 5189 5190
5191 5192 5193
5194 5195 5196
5197 5198 5199
5200 5201 5202
5203 5204 5205
5206 5207 5208
5209 5210 5211
5212 5213 5214
5215 5216 5217
5218 5219 5220
5221 5222 5223
5224 5225 5226
5227 5228 5229
5230 5231 5232
5233 5234 5235
5236 5237 5238
5239 5240 5236
5241 5242 5243
5244 5245 5246
5247 5248 5244
5249 5250 5247
5251 5252 5253
5254 5255 5256
5257 5258 5259
5260 5261 5262
5263 5264 5265
5266 5267 5268
5269 5270 5271
5272 5273 5270
5274 5275 5273
5276 5277 5278
5279 5280 5277
5281 5282 5283
5284 5285 5282
5286 5287 5288
5289 5290 5291
5292 5293 5294
5295 5296 5297
5298 5299 5300
5301 5302 5303
5304 5305 5301
5304 5306 5305
5307 5308 5309
5310 5311 5312
5313 5314 5315
5316 5317 5318
5319 5320 5321
5322 5323 5324
5325 5324 5326
5327 5328 5329
5330 5329 5331
5332 5333 5334
5335 5334 5336
5337 5338 5339
5340 5341 5342
5343 5344 5345
5346 5347 5348
5349 5350 5351
5352 5353 5354
5355 5356 5357
5358 5359 5360
5361 5362 5363
5364 5365 5366
5367 5368 5369
5370 5371 5372
5373 5374 5375
5376 5377 5378
5379 5380 5381
5382 5383 5384
5385 5386 5387
5388 5389 5390
5391 5392 5393
5394 5395 5396
5397 5398 5399
5400 5401 5402
5403 5404 5405
5406 5407 5408
5409 5410 5411
5412 5413 5414
5415 5416 5417
5418 5419 5420
5421 5422 5423
5424 5425 5426
5427 5428 5429
5430 5431 5432
5433 5434 5435
5436 5437 5438
5439 5440 5441
5442 5443 5444
5445 5446 5447
5448 5449 5450
5451 5452 5453
5454 5455 5456
5457 5458 5459
5460 5461 5457
5462 5463 5464
5465 5466 5467
5468 5469 5470
5471 5472 5473
5474 5475 5476
5477 5478 5479
5480 5481 5482
5483 5484 5485
5486 5487 5488
5489 5490 5491
5492 5493 5494
5495 5496 5497
5498 5499 5500
5501 5502 5503
5504 5505 5506
5507 5508 5509
5510 5511 5512
5513 5514 5515
5516 5517 5518
5519 5520 5516
5520 5519 5521
5522 5523 5524
5525 5526 5527
5528 5529 5530
5531 5532 5533
5534 5535 5536
5537 5538 5539
5540 5541 5542
5543 5544 5545
5546 5547 5548
5549 5550 5551
5552 5553 5554
5555 5556 5557
5558 5559 5560
5561 5562 5563
5564 5565 5566
5567 5568 5569
5570 5571 5572
5573 5574 5575
5576 5577 5578
5579 5580 5581
5582 5583 5584
5585 5586 5587
5588 5589 5590
5591 5592 5593
5594 5595 5596
5597 5598 5599
5600 5601 5602
5603 5604 5605
5606 5607 5608
5609 5610 5611
5612 5613 5614
5615 5616 5617
5618 5619 5620
5621 5622 5623
5624 5625 5626
5627 5628 5629
5630 5631 5632
5633 5634 5635
5636 5637 5638
5639 5640 5641
5642 5643 5644
5645 5646 5647
5648 5649 5650
5651 5652 5653
5654 5655 5656
5657 5658 5659
5660 5661 5662
5663 5664 5665
5666 5667 5668
5669 5670 5671
5672 5673 5674
5675 5676 5677
5678 5679 5675
5678 5680 5679
5681 5682 5683
5684 5685 5686
5687 5686 5688
5689 5690 5691
5692 5693 5694
5695 5696 5697
5698 5699 5700
5701 5702 5703
5704 5705 5706
5707 5708 5709
5710 5711 5712
5713 5714 5715
5716 5717 5718
5719 5720 5721
5722 5723 5724
5725 5726 5727
5728 5729 5730
5731 5732 5733
5734 5735 5736
5737 5738 5739
5740 5741 5742
5743 5744 5745
5746 5747 5748
5749 5750 5751
5752 5751 5753
5754 5755 5756
5757 5758 5759
5760 5761 5762
5763 5764 5765
5766 5767 5768
5769 5770 5771
5772 5773 5774
5775 5776 5777
5778 5779 5780
5781 5782 5783
5784 5785 5786
5787 5788 5789
5790 5791 5792
5793 5794 5795
5796 5797 5798
5799 5800 5801
5802 5803 5804
5805 5806 5807
5808 5809 5810
5811 5812 5813
5814 5815 5816
5817 5818 5819
5820 5821 5822
5823 5824 5825
5826 5827 5828
5829 5830 5831
5832 5833 5834
5835 5836 5837
5838 5839 5840
5841 5842 5843
5844 5845 5846
5847 5848 5849
5850 5851 5852
5853 5854 5855
5856 5857 5858
5859 5860 5861
5862 5863 5864
5865 5866 5867
5868 5869 5870
5871 5872 5873
5874 5875 5876
5877 5878 5879
5880 5881 5882
5883 5884 5885
5886 5887 5888
5889 5890 5891
5892 5893 5894
5895 5896 5897
5898 5899 5900
5901 5902 5903
5904 5905 5906
5907 5908 5909
5910 5911 5912
5913 5914 5915
5916 5917 5918
5919 5920 5921
5922 5923 5924
5925 5926 5927
5928 5929 5930
5931 5932 5933
5934 5935 5936
5937 5938 5939
5940 5941 5942
5943 5944 5945
5946 5947 5948
5949 5950 5951
5952 5953 5954
5955 5956 5957
5958 5959 5960
5961 5962 5963
5964 5965 5966
5967 5968 5969
5968 5970 5971
5972 5973 5974
5975 5976 5977
5978 5979 5980
5981 5982 5983
5984 5985 5986
5987 5988 5989
5990 5991 5992
5993 5994 5995
5996 5997 5998
5999 6000 6001
6002 6003 6004
6005 6006 6007
6008 6009 6010
6011 6012 6013
6014 6015 6016
6017 6018 6019
6020 6021 6022
6023 6024 6025
6026 6027 6028
6029 6030 6031
6032 6033 6034
6035 6036 6037
6038 6039 6040
6041 6042 6043
6044 6045 6046
6047 6048 6049
6050 6051 6052
6053 6054 6055
6056 6057 6058
6059 6060 6061
6062 6063 6064
6065 6066 6067
6068 6069 6070
6071 6072 6073
6074 6075 6076
6077 6078 6075
6077 6079 6078
6080 6081 6082
6083 6084 6085
6086 6087 6088
6089 6090 6091
6092 6093 6094
6095 6096 6097
6098 6099 6100
6101 6102 6103
6104 6105 6106
6107 6108 6109
6110 6111 6112
6113 6114 6111
6115 6116 6117
6118 6119 6120
6121 6122 6119
6123 6124 6125
6126 6127 6128
6129 6130 6131
6132 6133 6134
6135 6136 6133
6137 6138 6139
6140 6141 6142
6143 6144 6145
6146 6147 6148
6149 6150 6151
6152 6153 6154
6155 6156 6157
6158 6159 6160
6161 6162 6163
6164 6165 6166
6167 6168 6169
6170 6171 6172
6173 6174 6175
6176 6177 6178
6179 6180 6181
6182 6183 6184
6185 6186 6182
6185 6187 6186
6188 6189 6190
6191 6192 6193
6194 6195 6196
6197 6198 6199
6200 6201 6202
6203 6204 6205
6206 6207 6208
6209 6210 6211
6212 6213 6214
6215 6216 6217
6218 6219 6220
6221 6222 6223
6224 6225 6222
6224 6226 6225
6227 6228 6229
6230 6231 6232
6233 6234 6235
6236 6237 6238
6239 6240 6241
6242 6243 6244
6245 6246 6247
6248 6249 6250
6251 6252 6253
6254 6255 6256
6257 6258 6259
6260 6261 6262
6263 6264 6265
6266 6267 6268
6269 6270 6271
6272 6273 6274
6275 6276 6277
6278 6279 6280
6281 6282 6283
6284 6285 6286
6287 6288 6289
6290 6291 6292
6293 6294 6295
6296 6297 6298
6299 6300 6301
6302 6303 6304
6305 6306 6307
6308 6309 6310
6311 6312 6313
6314 6315 6316
6317 6318 6319
6320 6321 6322
6323 6324 6325
6326 6327 6328
6329 6330 6331
6332 6333 6334
6335 6336 6337
6338 6339 6340
6341 6342 6343
6344 6345 6346
6347 6348 6349
6350 6351 6352
6353 6354 6355
6356 6357 6358
6359 6360 6361
6362 6363 6364
6365 6366 6367
6368 6369 6370
6371 6372 6373
6374 6375 6376
6377 6378 6379
6380 6381 6382
6383 6384 6385
6386 6387 6388
6389 6390 6391
6392 6393 6394
6395 6396 6397
6398 6399 6400
6401 6402 6403
6404 6405 6406
6407 6408 6409
6410 6411 6412
6413 6414 6415
6416 6417 6418
6419 6420 6421
6422 6423 6424
6425 6426 6427
6428 6429 6430
6431 6432 6433
6434 6435 6436
6437 6438 6439
6437 6439 6440
6441 6442 6443
6444 6442 6441
6444 6445 6442
6446 6447 6448
6449 6447 6446
6449 6450 6447
6451 6452 6453
6451 6453 6454
6455 6456 6457
6455 6457 6458
6459 6460 6461
6459 6461 6462
6463 6464 6465
6463 6465 6466
6467 6468 6469
6470 6468 6467
6471 6472 6473
6471 6473 6474
6475 6476 6477
6475 6477 6478
6479 6480 6481
6479 6481 6482
6483 6484 6485
6483 6485 6486
6487 6488 6489
6487 6489 6490
6491 6492 6493
6491 6493 6494
6495 6496 6497
6495 6497 6498
6499 6500 6501
6499 6501 6502
6503 6504 6505
6503 6505 6506
6507 6508 6509
6507 6509 6510
6511 6512 6513
6511 6513 6514
6515 6516 6517
6515 6517 6518
6519 6520 6521
6519 6521 6522
6523 6524 6525
6526 6524 6523
6527 6528 6529
6527 6529 6530
6531 6532 6533
6531 6533 6534
6535 6536 6537
6535 6537 6538
6539 6540 6541
6539 6541 6542
6543 6544 6545
6543 6545 6546
6547 6548 6549
6547 6549 6550
6551 6552 6553
6551 6553 6554
6555 6556 6557
6555 6557 6558
6559 6560 6561
6559 6561 6562
6563 6564 6565
6563 6565 6566
6567 6568 6569
6567 6569 6570
6571 6572 6573
6571 6573 6574
6575 6576 6577
6575 6577 6578
6579 6580 6581
6582 6580 6579
6582 6583 6580
6584 6583 6582
6584 6585 6583
6586 6585 6584
6586 6587 6585
6586 6588 6587
6586 6589 6588
6589 6590 6588
6589 6591 6590
6591 6592 6590
6591 6593 6592
6593 6594 6592
6593 6595 6594
6596 6594 6595
6596 6597 6594
6598 6597 6596
6598 6599 6597
6600 6599 6598
6600 6601 6599
6602 6601 6600
6602 6603 6601
6602 6604 6603
6602 6605 6604
6605 6606 6604
6605 6607 6606
6607 6608 6606
6607 6609 6608
6609 6610 6608
6609 6611 6610
6612 6610 6611
6613 6614 6615
6613 6615 6616
6617 6618 6619
6617 6619 6620
6621 6622 6623
6621 6623 6624
6625 6626 6627
6625 6627 6628
6629 6630 6631
6629 6631 6632
6633 6634 6635
6633 6635 6636
6637 6638 6639
6637 6639 6640
6641 6642 6643
6641 6643 6644
6645 6646 6647
6648 6646 6645
6646 6648 6649
6650 6649 6648
6649 6650 6651
6651 6650 6652
6651 6652 6653
6654 6653 6652
6653 6654 6655
6655 6654 6656
6657 6658 6659
6657 6659 6660
6660 6659 6661
6660 6661 6662
6662 6661 6663
6662 6663 6664
6665 6666 6667
6665 6667 6668
6669 6665 6668
6670 6671 6672
6673 6672 6671
6674 6675 6676
6674 6676 6677
6678 6679 6680
6678 6680 6681
6682 6683 6684
6682 6684 6685
6686 6687 6688
6686 6688 6689
6690 6691 6692
6690 6692 6693
6694 6695 6696
6694 6696 6697
6698 6699 6700
6698 6700 6701
6702 6703 6704
6702 6704 6705
6706 6707 6708
6706 6708 6709
6710 6711 6712
6711 6713 6712
6711 6714 6713
6712 6713 6715
6712 6715 6716
6713 6717 6715
6714 6718 6713
6713 6718 6717
6718 6719 6717
6714 6720 6718
6718 6721 6719
6720 6721 6718
6720 6722 6721
6723 6724 6725
6726 6724 6723
6723 6727 6728
6729 6728 6727
6730 6731 6732
6730 6732 6733
6734 6735 6736
6734 6736 6737
6737 6736 6738
6737 6738 6739
6739 6738 6740
6739 6740 6741
6742 6743 6744
6745 6743 6742
6746 6747 6748
6746 6748 6749
6750 6751 6752
6750 6752 6753
6754 6755 6756
6754 6756 6757
6758 6759 6760
6758 6760 6761
6762 6763 6764
6762 6764 6765
6766 6767 6768
6766 6768 6769
6770 6771 6772
6770 6772 6773
6774 6775 6776
6774 6776 6777
6778 6779 6780
6778 6780 6781
6782 6783 6784
6782 6784 6785
6786 6787 6788
6786 6788 6789
6790 6791 6792
6790 6792 6793
6794 6795 6796
6794 6796 6797
6798 6799 6800
6798 6800 6801
6802 6803 6804
6805 6803 6802
6806 6807 6808
6806 6808 6809
6810 6806 6809
6810 6809 6811
6812 6810 6811
6812 6811 6813
6814 6812 6813
6814 6813 6815
6816 6814 6815
6816 6815 6817
6818 6816 6817
6818 6817 6819
6820 6818 6819
6820 6819 6821
6822 6820 6821
6822 6821 6823
6824 6822 6823
6824 6825 6822
6826 6825 6824
6826 6827 6825
6828 6827 6826
6828 6829 6827
6830 6829 6828
6830 6831 6829
6832 6831 6830
6832 6833 6831
6834 6833 6832
6834 6835 6833
6836 6837 6838
6839 6837 6836
6840 6841 6842
6843 6841 6840
6844 6845 6846
6844 6846 6847
6848 6849 6850
6848 6850 6851
6852 6853 6854
6852 6854 6855
6856 6857 6858
6856 6858 6859
6860 6861 6862
6860 6862 6863
6864 6865 6866
6864 6866 6867
6868 6869 6870
6868 6870 6871
6872 6873 6874
6872 6874 6875
6876 6877 6878
6876 6878 6879
6880 6881 6882
6880 6882 6883
6884 6885 6886
6884 6886 6887
6888 6889 6890
6888 6890 6891
6892 6893 6894
6895 6893 6892
6896 6897 6898
6896 6898 6899
6899 6898 6900
6899 6900 6901
6901 6900 6902
6901 6902 6903
6903 6902 6904
6903 6904 6905
6905 6904 6906
6905 6906 6907
6907 6906 6908
6907 6908 6909
6909 6908 6910
6909 6910 6911
6910 6912 6911
6910 6913 6912
6913 6914 6912
6913 6915 6914
6915 6916 6914
6915 6917 6916
6917 6918 6916
6917 6919 6918
6919 6920 6918
6919 6921 6920
6921 6922 6920
6921 6923 6922
6923 6924 6922
6923 6925 6924
6926 6927 6928
6929 6927 6926
6930 6931 6932
6930 6932 6933
6934 6935 6936
6937 6935 6934
6938 6939 6940
6938 6940 6941
6942 6943 6944
6942 6944 6945
6946 6947 6948
6949 6947 6946
6950 6951 6952
6950 6952 6953
6954 6955 6956
6954 6956 6957
6958 6959 6960
6958 6960 6961
6962 6963 6964
6962 6964 6965
6966 6967 6968
6966 6968 6969
6970 6971 6972
6970 6972 6973
6974 6975 6976
6974 6976 6977
6978 6979 6980
6978 6980 6981
6982 6983 6984
6982 6984 6985
6986 6987 6988
6986 6988 6989
6990 6991 6992
6990 6992 6993
6994 6995 6996
6994 6996 6997
6998 6999 7000
6998 7000 7001
7002 7003 7004
7005 7003 7002
7003 7005 7006
7007 7006 7005
7006 7007 7008
7008 7007 7009
7010 7011 7012
7011 7010 7013
7014 7013 7010
7013 7014 7015
7014 7016 7015
7015 7016 7017
7018 7019 7020
7018 7020 7021
7022 7023 7024
7025 7023 7022
7025 7022 7026
7026 7022 7027
7022 7028 7027
7029 7025 7026
7030 7025 7029
7025 7031 7023
7030 7031 7025
7030 7029 7032
7032 7029 7033
7030 7032 7034
7031 7030 7034
7034 7032 7035
7032 7036 7035
7037 7031 7034
7038 7031 7037
7031 7038 7023
7038 7037 7039
7038 7039 7040
7038 7040 7041
7023 7038 7042
7043 7023 7042
7044 7045 7046
7044 7047 7045
7048 7047 7044
7045 7047 7049
7047 7050 7049
7051 7050 7047
7050 7052 7049
7051 7053 7050
7050 7053 7052
7054 7052 7053
7054 7053 7055
7056 7057 7058
7059 7056 7058
7060 7056 7059
7061 7056 7060
7060 7059 7062
7063 7061 7060
7063 7060 7062
7064 7063 7062
7065 7066 7067
7068 7065 7067
7068 7067 7069
7070 7068 7069
7070 7071 7068
7071 7072 7068
7069 7073 7070
7074 7073 7069
7074 7075 7073
7070 7076 7071
7070 7073 7076
7073 7075 7077
7073 7077 7076
7075 7078 7077
7078 7079 7077
7077 7079 7080
7076 7077 7080
7080 7079 7081
7080 7081 7082
7076 7080 7082
7076 7082 7071
7071 7082 7083
7084 7085 7086
7084 7086 7087
7084 7087 7088
7087 7089 7088
7084 7088 7090
7090 7091 7084
7088 7089 7092
7092 7089 7093
7094 7095 7096
7096 7095 7097
7097 7095 7098
7097 7098 7099
7100 7097 7099
7099 7098 7101
7099 7101 7102
7099 7103 7104
7105 7099 7104
7106 7107 7108
7106 7108 7109
7110 7106 7109
7110 7111 7106
7112 7111 7110
7112 7113 7111
7114 7115 7116
7114 7116 7117
7118 7114 7117
7118 7119 7114
7120 7119 7118
7120 7121 7119
7122 7123 7124
7122 7124 7125
7126 7127 7128
7126 7128 7129
7130 7131 7132
7130 7132 7133
7134 7135 7136
7134 7136 7137
7138 7139 7140
7138 7140 7141
7142 7143 7144
7142 7144 7145
7146 7147 7148
7146 7148 7149
7150 7151 7152
7150 7152 7153
7154 7155 7156
7154 7156 7157
7158 7159 7160
7158 7160 7161
7162 7158 7161
7163 7164 7165
7163 7165 7166
7167 7168 7169
7167 7169 7170
7171 7172 7173
7171 7173 7174
7175 7176 7177
7175 7177 7178
7179 7180 7181
7179 7181 7182
7183 7184 7185
7183 7185 7186
7187 7188 7189
7187 7189 7190
7191 7192 7193
7191 7193 7194
7195 7196 7197
7195 7197 7198
7199 7200 7201
7199 7201 7202
7203 7204 7205
7203 7205 7206
7207 7208 7209
7207 7209 7210
7211 7212 7213
7211 7213 7214
7215 7216 7217
7215 7217 7218
7219 7220 7221
7219 7221 7222
7223 7224 7225
7223 7225 7226
7227 7228 7229
7227 7229 7230
7231 7232 7233
7231 7233 7234
7235 7236 7237
7235 7237 7238
7239 7240 7241
7239 7241 7242
7243 7244 7245
7243 7245 7246
7247 7248 7249
7247 7249 7250
7251 7252 7253
7251 7253 7254
7255 7256 7257
7255 7257 7258
7259 7260 7261
7259 7261 7262
7263 7264 7265
7263 7265 7266
7267 7268 7269
7267 7269 7270
7271 7272 7273
7271 7273 7274
7275 7276 7277
7275 7277 7278
7279 7280 7281
7279 7281 7282
7283 7284 7285
7283 7285 7286
7287 7288 7289
7287 7289 7290
7291 7292 7293
7291 7293 7294
7295 7296 7297
7295 7297 7298
7299 7300 7301
7299 7301 7302
7303 7304 7305
7303 7305 7306
7307 7308 7309
7307 7309 7310
7311 7312 7313
7311 7313 7314
7315 7316 7317
7316 7318 7317
7319 7320 7321
7320 7322 7321
7323 7324 7325
7323 7325 7326
7327 7328 7329
7328 7330 7329
7331 7332 7333
7333 7332 7334
7335 7336 7337
7335 7337 7338
7339 7340 7341
7339 7341 7342
7343 7344 7345
7346 7344 7343
7347 7348 7349
7350 7348 7347
7350 7347 7351
7352 7353 7354
7352 7354 7355
7356 7357 7358
7356 7358 7359
7360 7361 7362
7360 7362 7363
7364 7365 7366
7367 7365 7364
7368 7369 7370
7368 7370 7371
7372 7368 7371
7372 7371 7373
7374 7375 7376
7374 7376 7377
7378 7379 7380
7378 7380 7381
7381 7380 7382
7381 7382 7383
7384 7385 7386
7384 7386 7387
7388 7389 7390
7388 7390 7391
7392 7393 7394
7392 7394 7395
7396 7397 7398
7396 7398 7399
7400 7401 7402
7400 7402 7403
7404 7405 7406
7404 7406 7407
7408 7409 7410
7408 7410 7411
7412 7413 7414
7412 7414 7415
7416 7417 7418
7416 7418 7419
7420 7421 7422
7420 7422 7423
7424 7425 7426
7424 7426 7427
7428 7429 7430
7428 7430 7431
7432 7433 7434
7432 7434 7435
7436 7437 7438
7436 7438 7439
7440 7441 7442
7440 7442 7443
7444 7445 7446
7444 7446 7447
7448 7449 7450
7448 7450 7451
7452 7453 7454
7452 7454 7455
7456 7457 7458
7456 7458 7459
7460 7461 7462
7463 7462 7461
7464 7465 7466
7465 7467 7466
7468 7469 7470
7468 7470 7471
7472 7473 7474
7473 7475 7474
7476 7477 7478
7477 7479 7478
7480 7481 7482
7480 7482 7483
7484 7485 7486
7484 7486 7487
7488 7489 7490
7488 7490 7491
7492 7488 7491
7492 7491 7493
7494 7495 7496
7497 7496 7495
7498 7499 7500
7501 7499 7498
7501 7502 7499
7503 7504 7505
7503 7505 7506
7507 7508 7509
7507 7509 7510
7511 7512 7513
7511 7513 7514
7515 7516 7517
7518 7516 7515
7519 7520 7521
7522 7520 7519
7522 7523 7520
7524 7523 7522
7524 7525 7523
7526 7527 7528
7526 7528 7529
7530 7531 7532
7530 7532 7533
7534 7535 7536
7534 7536 7537
7538 7539 7540
7538 7540 7541
7541 7540 7542
7541 7542 7543
7544 7545 7546
7544 7546 7547
7548 7549 7550
7548 7550 7551
7552 7553 7554
7552 7554 7555
7556 7557 7558
7556 7558 7559
7560 7561 7562
7560 7562 7563
7564 7565 7566
7564 7566 7567
7568 7569 7570
7568 7570 7571
7572 7573 7574
7572 7574 7575
7576 7577 7578
7576 7578 7579
7580 7581 7582
7580 7582 7583
7584 7585 7586
7584 7586 7587
7588 7589 7590
7588 7590 7591
7592 7593 7594
7592 7594 7595
7596 7597 7598
7597 7599 7598
7600 7601 7602
7601 7600 7603
7603 7604 7605
7605 7604 7606
7606 7604 7607
7607 7604 7608
7609 7608 7604
7608 7609 7610
7611 7612 7613
7611 7613 7614
7615 7616 7617
7615 7617 7618
7619 7620 7621
7619 7621 7622
7623 7624 7625
7623 7625 7626
7627 7626 7625
7627 7625 7628
7629 7627 7628
7629 7630 7631
7629 7631 7632
7632 7631 7633
7632 7633 7634
7635 7634 7636
7635 7636 7637
7638 7635 7637
7638 7639 7623
7638 7637 7640
7638 7640 7639
7641 7642 7643
7641 7643 7644
7645 7646 7647
7646 7648 7647
7646 7649 7648
7650 7651 7652
7650 7652 7653
7654 7655 7656
7654 7656 7657
7658 7659 7660
7658 7660 7661
7662 7663 7664
7662 7664 7665
7666 7667 7668
7666 7668 7669
7670 7671 7672
7672 7671 7673
7674 7675 7676
7674 7676 7677
7678 7679 7680
7679 7681 7680
7682 7683 7684
7682 7684 7685
7686 7687 7688
7686 7688 7689
7690 7691 7692
7690 7692 7693
7694 7695 7696
7694 7696 7697
7698 7699 7700
7698 7700 7701
7702 7703 7704
7702 7704 7705
7706 7707 7708
7706 7708 7709
7710 7711 7712
7710 7712 7713
7714 7715 7716
7714 7716 7717
7718 7719 7720
7718 7720 7721
7722 7723 7724
7722 7724 7725
7726 7727 7728
7726 7728 7729
7730 7731 7732
7730 7732 7733
7734 7730 7733
7735 7736 7737
7735 7737 7738
7739 7740 7741
7739 7741 7742
7743 7744 7745
7743 7745 7746
7747 7748 7749
7747 7749 7750
7751 7752 7753
7751 7753 7754
7755 7756 7757
7755 7757 7758
7759 7760 7761
7759 7761 7762
7763 7764 7765
7763 7765 7766
7767 7768 7769
7767 7769 7770
7771 7772 7773
7771 7773 7774
7775 7776 7777
7775 7777 7778
7779 7780 7781
7779 7781 7782
7783 7784 7785
7783 7785 7786
7787 7788 7789
7787 7789 7790
7791 7792 7793
7791 7793 7794
7795 7796 7797
7795 7797 7798
7799 7800 7801
7799 7801 7802
7803 7804 7805
7803 7805 7806
7807 7808 7809
7807 7809 7810
7811 7812 7813
7811 7813 7814
7815 7816 7817
7815 7817 7818
7819 7815 7818
7819 7818 7820
7821 7819 7820
7821 7820 7822
7823 7824 7825
7823 7825 7826
7827 7828 7829
7827 7829 7830
7831 7832 7833
7834 7832 7831
7834 7831 7835
7836 7834 7835
7837 7838 7839
7837 7839 7840
7841 7842 7843
7841 7843 7844
7845 7846 7847
7845 7847 7848
7849 7850 7851
7849 7851 7852
7853 7854 7855
7855 7854 7856
7855 7856 7857
7857 7856 7858
7859 7860 7861
7859 7861 7862
7863 7864 7865
7863 7865 7866
7867 7868 7869
7867 7869 7870
7871 7872 7873
7871 7873 7874
7875 7876 7877
7875 7877 7878
7879 7880 7881
7879 7881 7882
7883 7884 7885
7884 7886 7885
7887 7888 7889
7887 7889 7890
7891 7892 7893
7891 7893 7894
7895 7896 7897
7895 7897 7898
7899 7900 7901
7899 7901 7902
7903 7904 7905
7903 7905 7906
7907 7908 7909
7908 7910 7909
7911 7912 7913
7912 7911 7914
7915 7916 7917
7917 7916 7918
7919 7920 7921
7920 7919 7922
7922 7919 7923
7919 7924 7923
7924 7919 7925
7925 7919 7926
7924 7925 7927
7923 7924 7928
7923 7928 7929
7923 7929 7930
7929 7928 7931
7928 7924 7932
7928 7932 7933
7932 7924 7934
7935 7936 7937
7938 7937 7936
7937 7938 7939
7940 7939 7938
7939 7940 7941
7942 7941 7940
7941 7942 7943
7944 7943 7942
7943 7944 7945
7946 7945 7944
7945 7946 7947
7948 7947 7946
7947 7948 7949
7949 7948 7950
7951 7952 7953
7951 7954 7952
7955 7954 7951
7956 7957 7958
7958 7957 7959
7960 7959 7957
7959 7960 7961
7960 7962 7961
7961 7962 7963
7964 7963 7962
7963 7964 7965
7964 7966 7965
7965 7966 7967
7968 7967 7966
7967 7968 7969
7968 7970 7969
7969 7970 7971
7972 7973 7974
7973 7975 7974
7974 7975 7976
7977 7978 7979
7980 7977 7979
7980 7979 7981
7982 7980 7981
7982 7981 7983
7984 7982 7983
7984 7983 7985
7986 7984 7985
7987 7988 7989
7990 7988 7987
7988 7991 7992
7991 7988 7993
7994 7995 7990
7996 7995 7994
7995 7997 7993
7993 7997 7998
7998 7997 7999
8000 8001 7996
8002 8001 8000
8003 8001 8002
8004 8001 8003
8005 8001 8004
8006 8001 8005
8007 8001 8006
8008 8001 8007
8009 8001 8008
8010 8001 8009
8011 8010 8009
8012 8010 8011
8013 8010 8012
8014 8010 8013
8015 8010 8014
8016 8010 8015
8017 8010 8016
8018 8010 8017
8019 8010 8018
8020 7997 8019
7997 8020 8021
8022 8023 8024
8025 8023 8022
8026 8025 8022
8025 8026 8027
8028 8027 8026
8029 8027 8028
8030 8029 8028
8029 8030 8031
8032 8031 8030
8033 8031 8032
8034 8033 8032
8033 8034 8035
8036 8035 8034
8037 8035 8036
8038 8037 8036
8037 8038 8039
8038 8040 8039
8039 8040 8041
8042 8041 8040
8041 8042 8043
8042 8044 8043
8043 8044 8045
8046 8045 8044
8045 8046 8047
8046 8048 8047
8047 8048 8049
8050 8049 8048
8049 8050 8051
8050 8052 8051
8051 8052 8053
8054 8055 8056
8054 8057 8055
8058 8057 8054
8058 8054 8059
8060 8061 8062
8060 8063 8061
8061 8063 8064
8061 8064 8065
8066 8067 8068
8069 8068 8067
8068 8069 8070
8071 8070 8069
8070 8071 8072
8073 8072 8071
8072 8073 8074
8075 8074 8073
8074 8075 8076
8076 8075 8077
8078 8079 8080
8079 8078 8081
8078 8082 8081
8081 8082 8083
8084 8083 8082
8083 8084 8085
8086 8085 8084
8085 8086 8087
8086 8088 8087
8087 8088 8089
8090 8091 8092
8093 8091 8090
8091 8093 8094
8095 8094 8093
8094 8095 8096
8097 8096 8095
8096 8097 8098
8099 8098 8097
8098 8099 8100
8100 8099 8101
8102 8103 8104
8103 8102 8105
8102 8106 8105
8105 8106 8107
8108 8107 8106
8107 8108 8109
8110 8109 8108
8109 8110 8111
8110 8112 8111
8111 8112 8113
8114 8115 8116
8117 8116 8115
8116 8117 8118
8119 8118 8117
8118 8119 8120
8121 8120 8119
8120 8121 8122
8123 8122 8121
8122 8123 8124
8125 8124 8123
8124 8125 8126
8127 8126 8125
8126 8127 8128
8128 8127 8129
8130 8131 8132
8130 8133 8131
8134 8133 8130
8134 8135 8133
8136 8135 8134
8137 8138 8139
8137 8140 8138
8141 8140 8137
8142 8143 8144
8143 8142 8145
8146 8147 8148
8149 8147 8146
8147 8149 8150
8151 8150 8149
8150 8151 8152
8153 8152 8151
8152 8153 8154
8154 8153 8155
8154 8155 8156
8157 8156 8155
8156 8157 8158
8159 8158 8157
8158 8159 8160
8160 8159 8161
8162 8163 8164
8163 8162 8165
8162 8166 8165
8165 8166 8167
8168 8167 8166
8167 8168 8169
8170 8169 8168
8171 8172 8173
8174 8173 8172
8175 8173 8174
8176 8177 8175
8178 8177 8176
8179 8177 8178
8177 8179 8180
8180 8179 8181
8182 8183 8184
8183 8182 8185
8182 8186 8185
8185 8186 8187
8188 8187 8186
8187 8188 8189
8190 8189 8188
8189 8190 8191
8190 8192 8191
8191 8192 8193
8192 8194 8193
8193 8194 8195
8196 8195 8194
8195 8196 8197
8198 8199 8200
8200 8199 8201
8201 8199 8202
8202 8203 8204
8204 8203 8205
8206 8207 8208
8207 8206 8209
8206 8210 8209
8209 8210 8211
8212 8211 8210
8211 8212 8213
8214 8213 8212
8213 8214 8215
8214 8216 8215
8215 8216 8217
8216 8218 8217
8217 8218 8219
8220 8219 8218
8219 8220 8221
8222 8223 8224
8224 8223 8225
8225 8223 8226
8227 8228 8229
8230 8228 8227
8231 8230 8227
8230 8231 8232
8231 8233 8232
8232 8233 8234
8235 8234 8233
8234 8235 8236
8235 8237 8236
8236 8237 8238
8239 8238 8237
8238 8239 8240
8239 8241 8240
8240 8241 8242
8243 8244 8245
8246 8244 8243
8247 8246 8243
8246 8247 8248
8247 8249 8248
8248 8249 8250
8251 8250 8249
8250 8251 8252
8251 8253 8252
8252 8253 8254
8255 8254 8253
8254 8255 8256
8255 8257 8256
8256 8257 8258
8259 8260 8261
8262 8259 8261
8262 8261 8263
8264 8262 8263
8264 8263 8265
8266 8264 8265
8266 8265 8267
8268 8266 8267
8268 8269 8266
8270 8269 8268
8270 8271 8269
8272 8271 8270
8272 8273 8271
8274 8273 8272
8274 8275 8273
8276 8275 8274
8276 8274 8277
8278 8276 8277
8278 8277 8279
8280 8278 8279
8280 8279 8281
8282 8280 8281
8282 8281 8283
8284 8282 8283
8284 8285 8282
8286 8285 8284
8286 8287 8285
8288 8287 8286
8288 8289 8287
8290 8289 8288
8290 8291 8289
8259 8291 8290
8292 8293 8294
8293 8292 8295
8296 8295 8292
8297 8295 8296
8298 8297 8296
8299 8297 8298
8300 8299 8298
8299 8300 8301
8302 8301 8300
8301 8302 8303
8302 8304 8303
8303 8304 8305
8306 8305 8304
8305 8306 8307
8308 8309 8310
8311 8309 8308
8312 8311 8308
8311 8312 8313
8314 8313 8312
8313 8314 8315
8314 8316 8315
8315 8316 8317
8318 8317 8316
8317 8318 8319
8320 8321 8322
8320 8323 8321
8321 8324 8322
8325 8321 8323
8321 8326 8324
8325 8327 8321
8321 8328 8326
8321 8327 8328
8329 8330 8331
8332 8329 8331
8329 8333 8330
8332 8334 8329
8333 8335 8330
8336 8334 8332
8333 8337 8335
8336 8338 8334
8337 8339 8335
8337 8340 8339
8339 8340 8341
8339 8341 8342
8342 8341 8343
8342 8343 8344
8345 8338 8336
8345 8346 8338
8347 8346 8345
8347 8345 8348
8349 8347 8348
8349 8348 8350
8344 8343 8351
8351 8349 8350
8344 8351 8352
8351 8350 8352
8353 8354 8355
8356 8353 8355
8353 8357 8354
8356 8358 8353
8354 8357 8359
8360 8358 8356
8354 8359 8360
8360 8359 8358
8361 8362 8363
8361 8364 8362
8362 8365 8363
8366 8362 8364
8362 8367 8365
8366 8368 8362
8362 8369 8367
8362 8368 8369
8370 8371 8372
8370 8373 8371
8371 8374 8372
8375 8371 8373
8371 8376 8374
8375 8377 8371
8371 8378 8376
8371 8377 8378
8379 8380 8381
8379 8382 8380
8380 8383 8381
8384 8380 8382
8380 8385 8383
8384 8386 8380
8387 8385 8380
8387 8380 8386
8388 8389 8390
8388 8391 8389
8389 8392 8390
8389 8391 8393
8389 8394 8392
8389 8393 8395
8389 8396 8394
8389 8395 8396
8397 8398 8399
8397 8400 8398
8398 8401 8399
8402 8398 8400
8398 8403 8401
8402 8404 8398
8398 8405 8403
8398 8404 8405
8406 8407 8408
8406 8409 8407
8410 8406 8408
8406 8411 8409
8410 8412 8406
8406 8413 8411
8414 8406 8412
8414 8413 8406
8415 8416 8417
8415 8418 8416
8416 8419 8417
8420 8416 8418
8416 8421 8419
8420 8422 8416
8416 8423 8421
8416 8422 8423
8424 8425 8426
8424 8427 8425
8428 8424 8426
8424 8429 8427
8428 8430 8424
8424 8431 8429
8432 8424 8430
8432 8431 8424
8433 8434 8435
8434 8436 8435
8433 8437 8434
8434 8438 8436
8439 8437 8433
8438 8440 8436
8439 8441 8437
8438 8442 8440
8442 8443 8440
8442 8444 8443
8444 8445 8443
8444 8446 8445
8447 8441 8439
8447 8448 8441
8449 8448 8447
8449 8447 8450
8451 8449 8450
8451 8450 8452
8446 8453 8445
8446 8454 8453
8453 8454 8455
8453 8455 8456
8456 8455 8457
8456 8457 8458
8458 8457 8459
8458 8459 8460
8460 8459 8461
8460 8461 8462
8462 8461 8463
8462 8463 8464
8464 8463 8465
8464 8465 8466
8466 8465 8467
8466 8467 8468
8467 8469 8468
8467 8470 8469
8470 8471 8469
8470 8472 8471
8472 8473 8471
8472 8474 8473
8474 8475 8473
8474 8476 8475
8476 8477 8475
8476 8478 8477
8478 8479 8477
8478 8480 8479
8480 8481 8479
8480 8482 8481
8482 8483 8481
8482 8484 8483
8483 8484 8485
8483 8485 8486
8486 8485 8487
8486 8487 8488
8488 8487 8489
8488 8489 8490
8490 8489 8491
8490 8491 8492
8492 8491 8493
8492 8493 8494
8494 8493 8495
8494 8495 8496
8495 8452 8496
8495 8451 8452
8497 8498 8499
8500 8497 8499
8497 8501 8498
8500 8502 8497
8501 8503 8498
8504 8502 8500
8501 8505 8503
8504 8506 8502
8505 8507 8503
8508 8506 8504
8505 8509 8507
8508 8510 8506
8509 8511 8507
8512 8510 8508
8509 8513 8511
8512 8514 8510
8513 8515 8511
8513 8516 8515
8517 8514 8512
8517 8518 8514
8516 8519 8515
8516 8520 8519
8519 8520 8521
8519 8521 8522
8522 8521 8523
8522 8523 8524
8524 8523 8525
8524 8525 8526
8526 8525 8527
8526 8527 8528
8528 8527 8529
8528 8529 8530
8530 8529 8531
8530 8531 8532
8532 8531 8533
8532 8533 8534
8534 8533 8535
8534 8535 8536
8535 8537 8536
8535 8538 8537
8538 8539 8537
8538 8540 8539
8540 8541 8539
8540 8542 8541
8542 8543 8541
8542 8544 8543
8544 8545 8543
8544 8546 8545
8546 8547 8545
8546 8548 8547
8548 8549 8547
8548 8550 8549
8549 8550 8551
8549 8551 8552
8552 8551 8553
8552 8553 8554
8554 8553 8555
8554 8555 8556
8556 8555 8557
8556 8557 8558
8558 8557 8559
8558 8559 8560
8559 8517 8560
8559 8518 8517
8561 8562 8563
8564 8561 8563
8561 8565 8562
8564 8566 8561
8567 8566 8564
8567 8568 8566
8569 8568 8567
8569 8570 8568
8571 8570 8569
8571 8572 8570
8565 8573 8562
8565 8574 8573
8573 8574 8575
8573 8575 8576
8576 8575 8577
8576 8577 8578
8578 8577 8579
8578 8579 8580
8580 8579 8581
8580 8581 8582
8583 8572 8571
8583 8584 8572
8583 8585 8584
8583 8586 8585
8586 8587 8585
8586 8588 8587
8588 8589 8587
8588 8590 8589
8582 8581 8591
8582 8591 8592
8591 8593 8592
8591 8594 8593
8594 8595 8593
8594 8596 8595
8596 8597 8595
8596 8598 8597
8598 8599 8597
8598 8600 8599
8600 8601 8599
8600 8602 8601
8602 8603 8601
8602 8604 8603
8604 8605 8603
8604 8606 8605
8606 8607 8605
8606 8608 8607
8608 8609 8607
8608 8610 8609
8610 8611 8609
8610 8612 8611
8612 8613 8611
8612 8614 8613
8613 8614 8615
8613 8615 8616
8617 8616 8615
8617 8618 8616
8619 8618 8617
8619 8620 8618
8621 8620 8619
8621 8622 8620
8623 8622 8621
8623 8624 8622
8590 8624 8623
8590 8623 8589
8625 8626 8627
8628 8625 8627
8625 8629 8626
8630 8629 8625
8629 8631 8626
8628 8632 8625
8632 8630 8625
8633 8632 8628
8629 8634 8631
8634 8635 8631
8633 8636 8632
8637 8636 8633
8632 8638 8630
8636 8638 8632
8637 8639 8636
8640 8639 8637
8630 8641 8629
8641 8634 8629
8634 8642 8635
8642 8643 8635
8636 8644 8638
8639 8644 8636
8640 8645 8639
8646 8645 8640
8641 8647 8634
8647 8642 8634
8642 8648 8643
8648 8649 8643
8639 8650 8644
8645 8650 8639
8647 8651 8642
8651 8648 8642
8648 8652 8649
8652 8653 8649
8651 8654 8648
8654 8652 8648
8647 8655 8651
8655 8654 8651
8641 8656 8647
8647 8656 8655
8652 8657 8653
8657 8658 8653
8654 8659 8652
8659 8657 8652
8657 8660 8658
8660 8661 8658
8641 8662 8656
8630 8662 8641
8655 8663 8654
8663 8659 8654
8659 8664 8657
8664 8660 8657
8660 8665 8661
8665 8666 8661
8663 8667 8659
8667 8664 8659
8655 8668 8663
8668 8667 8663
8656 8669 8655
8655 8669 8668
8664 8670 8660
8670 8665 8660
8665 8671 8666
8671 8672 8666
8667 8673 8664
8673 8670 8664
8668 8674 8667
8674 8673 8667
8670 8675 8665
8675 8671 8665
8671 8676 8672
8676 8677 8672
8673 8678 8670
8678 8675 8670
8675 8679 8671
8679 8676 8671
8680 8674 8668
8669 8680 8668
8674 8681 8673
8681 8678 8673
8678 8682 8675
8682 8679 8675
8680 8683 8674
8683 8681 8674
8681 8684 8678
8684 8682 8678
8683 8685 8681
8685 8684 8681
8679 8686 8676
8682 8687 8679
8687 8686 8679
8684 8688 8682
8688 8687 8682
8685 8689 8684
8689 8688 8684
8686 8690 8676
8676 8690 8677
8677 8690 8691
8677 8691 8692
8686 8693 8690
8693 8691 8690
8687 8694 8686
8694 8693 8686
8688 8695 8687
8695 8694 8687
8689 8696 8688
8696 8695 8688
8697 8692 8691
8697 8698 8692
8699 8698 8697
8699 8700 8698
8701 8700 8699
8701 8702 8700
8703 8702 8701
8703 8704 8702
8705 8704 8703
8705 8703 8706
8707 8705 8706
8708 8703 8701
8706 8703 8708
8709 8701 8699
8708 8701 8709
8710 8699 8697
8709 8699 8710
8711 8697 8691
8710 8697 8711
8707 8706 8712
8713 8707 8712
8706 8708 8714
8712 8706 8714
8713 8712 8715
8716 8713 8715
8711 8691 8717
8693 8717 8691
8718 8717 8693
8694 8718 8693
8711 8717 8719
8718 8719 8717
8720 8718 8694
8695 8720 8694
8712 8714 8721
8715 8712 8721
8711 8719 8722
8710 8711 8722
8723 8719 8718
8720 8723 8718
8724 8720 8695
8696 8724 8695
8710 8722 8725
8709 8710 8725
8722 8719 8726
8723 8726 8719
8727 8723 8720
8724 8727 8720
8725 8722 8728
8722 8726 8728
8729 8726 8723
8727 8729 8723
8728 8726 8730
8729 8730 8726
8731 8724 8696
8732 8727 8724
8731 8732 8724
8733 8729 8727
8732 8733 8727
8734 8731 8696
8734 8696 8689
8735 8734 8689
8735 8689 8685
8736 8735 8685
8736 8685 8683
8737 8736 8683
8737 8683 8680
8738 8735 8736
8738 8736 8737
8739 8734 8735
8738 8739 8735
8740 8731 8734
8739 8740 8734
8741 8732 8731
8740 8741 8731
8742 8737 8680
8669 8742 8680
8738 8737 8743
8742 8743 8737
8744 8742 8669
8656 8744 8669
8662 8744 8656
8745 8743 8742
8744 8745 8742
8746 8738 8743
8745 8746 8743
8662 8747 8744
8747 8745 8744
8741 8748 8732
8748 8733 8732
8746 8749 8738
8749 8739 8738
8750 8746 8745
8747 8750 8745
8751 8747 8662
8630 8751 8662
8749 8752 8739
8752 8740 8739
8753 8741 8740
8752 8753 8740
8754 8749 8746
8750 8754 8746
8755 8750 8747
8751 8755 8747
8756 8751 8630
8756 8630 8638
8757 8752 8749
8754 8757 8749
8758 8754 8750
8755 8758 8750
8759 8755 8751
8759 8751 8756
8760 8756 8638
8760 8638 8644
8758 8761 8754
8761 8757 8754
8762 8758 8755
8762 8755 8759
8762 8761 8758
8757 8763 8752
8763 8753 8752
8764 8759 8756
8764 8756 8760
8765 8760 8644
8765 8644 8650
8761 8766 8757
8766 8763 8757
8762 8767 8761
8767 8766 8761
8768 8762 8759
8768 8759 8764
8769 8764 8760
8769 8760 8765
8770 8767 8762
8770 8762 8768
8767 8771 8766
8770 8771 8767
8766 8772 8763
8771 8772 8766
8773 8768 8764
8773 8764 8769
8774 8770 8768
8774 8768 8773
8770 8775 8771
8774 8775 8770
8772 8776 8763
8763 8776 8753
8771 8777 8772
8775 8777 8771
8772 8778 8776
8777 8778 8772
8776 8779 8753
8753 8779 8741
8779 8748 8741
8776 8780 8779
8778 8780 8776
8779 8781 8748
8780 8781 8779
8781 8782 8748
8748 8782 8733
8782 8783 8733
8733 8783 8729
8729 8783 8784
8729 8784 8730
8782 8785 8783
8785 8784 8783
8781 8786 8782
8786 8785 8782
8780 8787 8781
8787 8786 8781
8778 8788 8780
8788 8787 8780
8789 8730 8784
8728 8730 8789
8785 8790 8784
8789 8784 8790
8786 8791 8785
8791 8790 8785
8787 8792 8786
8792 8791 8786
8793 8728 8789
8725 8728 8793
8794 8789 8790
8793 8789 8794
8791 8795 8790
8794 8790 8795
8796 8725 8793
8709 8725 8796
8797 8793 8794
8796 8793 8797
8798 8709 8796
8798 8796 8797
8798 8708 8709
8799 8792 8787
8788 8799 8787
8792 8800 8791
8800 8795 8791
8801 8794 8795
8797 8794 8801
8802 8708 8798
8802 8714 8708
8799 8803 8792
8803 8800 8792
8800 8804 8795
8801 8795 8804
8805 8804 8800
8803 8805 8800
8806 8801 8804
8805 8806 8804
8807 8797 8801
8806 8807 8801
8798 8797 8808
8807 8808 8797
8809 8798 8808
8809 8802 8798
8810 8808 8807
8810 8809 8808
8811 8807 8806
8811 8810 8807
8812 8806 8805
8812 8811 8806
8813 8805 8803
8813 8812 8805
8814 8813 8803
8814 8803 8799
8815 8814 8799
8815 8799 8788
8816 8815 8788
8816 8788 8778
8777 8816 8778
8817 8816 8777
8775 8817 8777
8818 8815 8816
8817 8818 8816
8819 8814 8815
8818 8819 8815
8820 8813 8814
8819 8820 8814
8821 8812 8813
8820 8821 8813
8822 8817 8775
8774 8822 8775
8823 8818 8817
8822 8823 8817
8824 8819 8818
8823 8824 8818
8825 8820 8819
8824 8825 8819
8826 8822 8774
8826 8774 8773
8827 8823 8822
8826 8827 8822
8828 8824 8823
8827 8828 8823
8826 8773 8829
8829 8773 8769
8828 8830 8824
8830 8825 8824
8825 8831 8820
8831 8821 8820
8832 8828 8827
8830 8828 8832
8833 8827 8826
8833 8826 8829
8832 8827 8833
8829 8769 8834
8833 8829 8834
8834 8769 8765
8830 8835 8825
8835 8831 8825
8834 8765 8836
8836 8765 8650
8833 8834 8837
8837 8834 8836
8838 8832 8833
8838 8833 8837
8830 8832 8839
8835 8830 8839
8836 8650 8840
8645 8840 8650
8841 8840 8645
8646 8841 8645
8842 8836 8840
8841 8842 8840
8843 8841 8646
8843 8842 8841
8843 8646 8844
8837 8836 8845
8842 8845 8836
8843 8846 8842
8846 8845 8842
8847 8843 8844
8847 8846 8843
8847 8844 8848
8849 8847 8848
8850 8837 8845
8846 8850 8845
8850 8838 8837
8849 8851 8847
8852 8851 8849
8847 8853 8846
8853 8850 8846
8851 8853 8847
8854 8838 8850
8853 8854 8850
8852 8855 8851
8856 8855 8852
8851 8857 8853
8857 8854 8853
8855 8857 8851
8854 8858 8838
8858 8832 8838
8858 8839 8832
8856 8859 8855
8860 8859 8856
8857 8861 8854
8861 8858 8854
8855 8862 8857
8859 8862 8855
8862 8861 8857
8863 8839 8858
8861 8863 8858
8860 8864 8859
8716 8864 8860
8862 8865 8861
8865 8863 8861
8859 8866 8862
8864 8866 8859
8866 8865 8862
8716 8867 8864
8716 8715 8867
8864 8868 8866
8867 8868 8864
8869 8867 8715
8867 8869 8868
8868 8870 8866
8866 8870 8865
8863 8871 8839
8835 8839 8871
8872 8835 8871
8835 8872 8831
8873 8871 8863
8872 8871 8873
8865 8874 8863
8873 8863 8874
8872 8875 8831
8831 8875 8821
8876 8874 8865
8876 8865 8870
8868 8877 8870
8869 8877 8868
8878 8872 8873
8872 8878 8875
8879 8873 8874
8879 8874 8876
8878 8873 8879
8875 8880 8821
8821 8880 8812
8880 8811 8812
8881 8876 8870
8881 8870 8877
8869 8882 8877
8882 8881 8877
8878 8883 8875
8875 8883 8880
8880 8884 8811
8883 8884 8880
8884 8810 8811
8885 8878 8879
8878 8885 8883
8886 8879 8876
8886 8876 8881
8885 8879 8886
8884 8887 8810
8887 8809 8810
8883 8888 8884
8888 8887 8884
8889 8883 8885
8889 8888 8883
8889 8885 8886
8890 8886 8881
8882 8890 8881
8887 8891 8809
8891 8802 8809
8888 8892 8887
8889 8892 8888
8892 8891 8887
8889 8886 8893
8889 8893 8892
8890 8893 8886
8893 8894 8892
8892 8894 8891
8893 8890 8894
8891 8895 8802
8894 8895 8891
8895 8714 8802
8895 8721 8714
8890 8896 8894
8894 8896 8895
8896 8721 8895
8890 8882 8896
8896 8897 8721
8882 8897 8896
8715 8721 8897
8882 8869 8897
8869 8715 8897
8898 8899 8900
8901 8898 8900
8898 8902 8899
8901 8903 8898
8899 8902 8904
8905 8903 8901
8899 8904 8906
8905 8907 8903
8906 8904 8908
8906 8908 8909
8909 8908 8910
8909 8910 8911
8911 8910 8912
8911 8912 8913
8914 8907 8905
8914 8915 8907
8916 8915 8914
8916 8914 8917
8918 8916 8917
8918 8917 8919
8920 8918 8919
8920 8919 8921
8922 8920 8921
8922 8921 8923
8924 8922 8923
8924 8923 8925
8926 8924 8925
8926 8925 8927
8928 8926 8927
8928 8927 8929
8930 8928 8929
8930 8931 8928
8932 8931 8930
8932 8933 8931
8934 8933 8932
8934 8935 8933
8936 8935 8934
8936 8937 8935
8938 8937 8936
8938 8939 8937
8940 8939 8938
8940 8941 8939
8942 8941 8940
8942 8943 8941
8944 8943 8942
8944 8945 8943
8946 8945 8944
8946 8944 8947
8948 8946 8947
8948 8947 8949
8950 8948 8949
8950 8949 8951
8952 8950 8951
8952 8951 8953
8954 8952 8953
8954 8953 8955
8956 8954 8955
8956 8955 8957
8958 8956 8957
8958 8957 8959
8960 8958 8959
8960 8959 8961
8913 8960 8961
8913 8912 8960
8962 8963 8964
8963 8965 8964
8962 8966 8963
8963 8967 8965
8967 8968 8965
8967 8969 8968
8969 8970 8968
8969 8971 8970
8972 8966 8962
8972 8973 8966
8974 8973 8972
8974 8972 8975
8976 8974 8975
8976 8975 8977
8978 8976 8977
8978 8977 8979
8980 8978 8979
8980 8979 8981
8982 8980 8981
8982 8981 8983
8984 8982 8983
8984 8983 8985
8986 8984 8985
8986 8985 8987
8988 8986 8987
8988 8989 8986
8990 8989 8988
8990 8991 8989
8992 8991 8990
8992 8993 8991
8994 8993 8992
8994 8995 8993
8996 8995 8994
8996 8997 8995
8998 8997 8996
8998 8999 8997
9000 8999 8998
9000 9001 8999
9002 9001 9000
9002 9000 9003
9004 9002 9003
9004 9003 9005
9006 9004 9005
9006 9005 9007
9008 9006 9007
9008 9007 9009
9010 9008 9009
9010 9009 9011
9012 9010 9011
9012 9011 9013
9014 9012 9013
9014 9013 9015
9016 9014 9015
9016 9015 9017
9018 9016 9017
9018 9017 9019
9020 9018 9019
9020 9021 9018
9022 9021 9020
9022 9023 9021
9024 9023 9022
9024 9025 9023
8971 9025 9024
8971 9024 8970
9026 9027 9028
9026 9029 9027
9026 9028 9030
9026 9031 9029
9030 9028 9032
9031 9033 9029
9030 9032 9034
9031 9035 9033
9034 9032 9036
9034 9036 9037
9038 9037 9036
9038 9036 9039
9040 9038 9039
9040 9039 9041
9035 9042 9033
9035 9043 9042
9044 9042 9043
9044 9045 9042
9046 9045 9044
9046 9047 9045
9048 9040 9041
9048 9047 9046
9048 9041 9049
9048 9049 9047
9050 9051 9052
9050 9053 9051
9050 9052 9054
9054 9052 9055
9054 9055 9056
9056 9055 9057
9050 9058 9053
9058 9059 9053
9060 9050 9054
9056 9060 9054
9056 9057 9061
9061 9057 9062
9058 9063 9059
9063 9064 9059
9065 9058 9050
9060 9065 9050
9056 9066 9060
9061 9066 9056
9061 9062 9067
9067 9062 9068
9061 9069 9066
9067 9069 9061
9060 9066 9070
9069 9070 9066
9067 9068 9071
9071 9068 9072
9067 9073 9069
9071 9073 9067
9065 9074 9058
9074 9063 9058
9075 9065 9060
9060 9070 9075
9075 9076 9065
9076 9074 9065
9069 9077 9070
9073 9077 9069
9070 9078 9075
9078 9076 9075
9077 9079 9070
9070 9079 9078
9071 9072 9080
9071 9081 9073
9080 9081 9071
9073 9082 9077
9081 9082 9073
9077 9083 9079
9082 9083 9077
9084 9080 9072
9084 9072 9085
9086 9084 9085
9086 9085 9087
9088 9086 9087
9088 9087 9089
9088 9089 9090
9084 9086 9091
9088 9091 9086
9080 9084 9092
9084 9091 9092
9088 9090 9093
9093 9090 9094
9088 9095 9091
9093 9095 9088
9093 9094 9096
9096 9094 9097
9080 9092 9098
9080 9098 9081
9092 9091 9099
9095 9099 9091
9093 9100 9095
9096 9100 9093
9096 9097 9101
9101 9097 9102
9098 9092 9103
9092 9099 9103
9081 9098 9104
9098 9103 9104
9095 9105 9099
9100 9105 9095
9096 9106 9100
9101 9106 9096
9100 9107 9105
9106 9107 9100
9099 9105 9108
9107 9108 9105
9103 9099 9109
9099 9108 9109
9103 9109 9110
9104 9103 9110
9081 9104 9111
9081 9111 9082
9108 9112 9109
9112 9110 9109
9107 9113 9108
9108 9113 9112
9106 9114 9107
9114 9113 9107
9111 9104 9115
9104 9110 9115
9082 9111 9116
9111 9115 9116
9117 9115 9110
9112 9117 9110
9118 9112 9113
9114 9118 9113
9119 9114 9106
9101 9119 9106
9082 9116 9120
9082 9120 9083
9121 9116 9115
9117 9121 9115
9122 9117 9112
9118 9122 9112
9123 9118 9114
9119 9123 9114
9124 9119 9101
9101 9102 9124
9125 9120 9116
9121 9125 9116
9126 9083 9120
9125 9126 9120
9127 9121 9117
9122 9127 9117
9128 9122 9118
9123 9128 9118
9129 9123 9119
9124 9129 9119
9130 9124 9102
9130 9102 9131
9132 9125 9121
9127 9132 9121
9133 9127 9122
9128 9133 9122
9134 9128 9123
9129 9134 9123
9124 9135 9129
9124 9130 9135
9136 9130 9131
9136 9131 9137
9134 9138 9128
9138 9133 9128
9129 9139 9134
9129 9135 9139
9139 9138 9134
9133 9140 9127
9140 9132 9127
9130 9141 9135
9130 9136 9141
9142 9136 9137
9142 9137 9143
9138 9144 9133
9144 9140 9133
9139 9145 9138
9145 9144 9138
9135 9146 9139
9135 9141 9146
9136 9147 9141
9136 9142 9147
9148 9142 9143
9148 9143 9149
9148 9149 9150
9139 9151 9145
9139 9146 9151
9145 9152 9144
9151 9152 9145
9141 9153 9146
9141 9147 9153
9142 9154 9147
9142 9148 9154
9148 9150 9155
9155 9150 9156
9146 9157 9151
9146 9153 9157
9147 9158 9153
9147 9154 9158
9148 9155 9159
9148 9159 9154
9155 9156 9160
9160 9159 9155
9160 9156 9161
9153 9158 9162
9153 9162 9157
9154 9163 9158
9154 9159 9163
9163 9162 9158
9157 9164 9151
9151 9164 9152
9162 9165 9157
9157 9165 9164
9163 9166 9162
9162 9166 9165
9160 9167 9159
9160 9161 9168
9168 9167 9160
9159 9169 9163
9159 9167 9169
9163 9170 9166
9163 9169 9170
9166 9171 9165
9166 9170 9171
9165 9172 9164
9165 9171 9172
9164 9173 9152
9164 9172 9173
9174 9168 9161
9174 9161 9175
9152 9173 9176
9152 9176 9144
9144 9176 9140
9176 9177 9140
9140 9177 9132
9173 9178 9176
9176 9178 9177
9172 9179 9173
9173 9179 9178
9171 9180 9172
9172 9180 9179
9177 9181 9132
9132 9181 9125
9181 9126 9125
9178 9182 9177
9177 9182 9181
9179 9183 9178
9178 9183 9182
9181 9184 9126
9182 9184 9181
9171 9185 9180
9170 9185 9171
9180 9186 9179
9179 9186 9183
9183 9187 9182
9182 9187 9184
9184 9188 9126
9126 9188 9083
9188 9079 9083
9184 9189 9188
9187 9189 9184
9188 9190 9079
9189 9190 9188
9190 9078 9079
9183 9191 9187
9186 9191 9183
9180 9192 9186
9185 9192 9180
9187 9193 9189
9191 9193 9187
9189 9194 9190
9193 9194 9189
9190 9195 9078
9194 9195 9190
9078 9195 9076
9186 9196 9191
9192 9196 9186
9191 9197 9193
9196 9197 9191
9193 9198 9194
9197 9198 9193
9194 9199 9195
9198 9199 9194
9195 9200 9076
9195 9199 9200
9076 9200 9074
9200 9201 9074
9074 9201 9063
9199 9202 9200
9200 9202 9201
9198 9203 9199
9199 9203 9202
9197 9204 9198
9204 9203 9198
9196 9205 9197
9205 9204 9197
9201 9206 9063
9063 9206 9064
9206 9207 9064
9204 9208 9203
9208 9202 9203
9202 9209 9201
9201 9209 9206
9206 9210 9207
9210 9211 9207
9212 9205 9196
9192 9212 9196
9205 9213 9204
9213 9208 9204
9208 9214 9202
9202 9214 9209
9215 9206 9209
9215 9210 9206
9210 9216 9211
9216 9217 9211
9218 9214 9208
9213 9218 9208
9219 9209 9214
9219 9215 9209
9218 9219 9214
9220 9213 9205
9212 9220 9205
9221 9210 9215
9221 9216 9210
9216 9222 9217
9222 9223 9217
9224 9218 9213
9220 9224 9213
9225 9215 9219
9225 9221 9215
9226 9219 9218
9224 9226 9218
9226 9225 9219
9227 9216 9221
9227 9222 9216
9222 9228 9223
9228 9229 9223
9230 9221 9225
9230 9227 9221
9231 9225 9226
9231 9230 9225
9232 9226 9224
9232 9231 9226
9233 9228 9222
9233 9222 9227
9228 9234 9229
9234 9228 9233
9234 9235 9229
9236 9230 9231
9232 9236 9231
9237 9227 9230
9237 9233 9227
9236 9237 9230
9234 9238 9235
9238 9239 9235
9234 9233 9240
9240 9233 9237
9238 9234 9240
9241 9237 9236
9240 9237 9241
9238 9242 9239
9242 9175 9239
9242 9174 9175
9238 9240 9243
9242 9238 9243
9243 9240 9241
9241 9236 9244
9232 9244 9236
9174 9242 9245
9242 9243 9245
9243 9241 9246
9246 9241 9244
9245 9243 9246
9247 9244 9232
9246 9244 9247
9174 9245 9248
9168 9174 9248
9245 9246 9249
9249 9246 9247
9248 9245 9249
9247 9232 9250
9250 9232 9224
9250 9224 9220
9168 9248 9251
9168 9251 9167
9248 9249 9252
9251 9248 9252
9249 9247 9253
9253 9247 9250
9252 9249 9253
9254 9250 9220
9253 9250 9254
9254 9220 9212
9167 9251 9255
9251 9252 9255
9167 9255 9169
9252 9253 9256
9256 9253 9254
9255 9252 9256
9257 9254 9212
9256 9254 9257
9257 9212 9192
9185 9257 9192
9169 9255 9258
9255 9256 9258
9258 9256 9257
9258 9257 9185
9169 9258 9170
9170 9258 9185
9259 9260 9261
9259 9262 9260
9259 9261 9263
9263 9261 9264
9259 9265 9262
9265 9266 9262
9263 9264 9267
9267 9264 9268
9267 9268 9269
9269 9268 9270
9269 9270 9271
9271 9270 9272
9273 9259 9263
9274 9263 9267
9273 9263 9274
9275 9267 9269
9274 9267 9275
9276 9265 9259
9276 9259 9273
9277 9269 9271
9275 9269 9277
9271 9272 9278
9277 9271 9279
9279 9271 9278
9272 9280 9278
9272 9281 9280
9281 9282 9280
9281 9283 9282
9283 9284 9282
9283 9285 9284
9285 9286 9284
9285 9287 9286
9288 9286 9287
9288 9289 9286
9290 9289 9288
9284 9286 9291
9289 9291 9286
9282 9284 9292
9284 9291 9292
9280 9282 9293
9282 9292 9293
9278 9280 9294
9280 9293 9294
9290 9295 9289
9296 9295 9290
9289 9297 9291
9295 9297 9289
9296 9298 9295
9299 9298 9296
9278 9294 9300
9279 9278 9300
9295 9301 9297
9298 9301 9295
9293 9302 9294
9294 9303 9300
9294 9302 9303
9304 9279 9300
9304 9300 9303
9293 9305 9302
9292 9305 9293
9306 9279 9304
9306 9277 9279
9307 9277 9306
9307 9275 9277
9308 9275 9307
9308 9274 9275
9309 9274 9308
9309 9273 9274
9310 9273 9309
9310 9276 9273
9311 9306 9304
9312 9307 9306
9312 9306 9311
9313 9308 9307
9313 9307 9312
9314 9309 9308
9314 9308 9313
9315 9310 9309
9315 9309 9314
9311 9304 9316
9316 9304 9303
9316 9303 9317
9302 9317 9303
9302 9318 9317
9305 9318 9302
9319 9313 9312
9320 9314 9313
9320 9313 9319
9321 9312 9311
9319 9312 9321
9322 9311 9316
9321 9311 9322
9323 9316 9317
9322 9316 9323
9318 9324 9317
9323 9317 9324
9325 9314 9320
9325 9315 9314
9326 9320 9319
9327 9319 9321
9326 9319 9327
9328 9321 9322
9327 9321 9328
9329 9322 9323
9328 9322 9329
9330 9325 9320
9330 9320 9326
9318 9331 9324
9332 9323 9324
9331 9332 9324
9329 9323 9333
9332 9333 9323
9334 9331 9318
9305 9334 9318
9335 9334 9305
9292 9335 9305
9292 9336 9335
9292 9291 9336
9335 9337 9334
9336 9337 9335
9334 9338 9331
9337 9338 9334
9331 9339 9332
9338 9339 9331
9332 9340 9333
9332 9339 9340
9333 9341 9329
9333 9340 9341
9291 9342 9336
9291 9297 9342
9329 9341 9343
9329 9343 9328
9297 9344 9342
9297 9301 9344
9328 9343 9345
9328 9345 9327
9327 9345 9346
9327 9346 9326
9326 9346 9347
9326 9347 9330
9336 9342 9348
9342 9344 9349
9342 9349 9348
9336 9348 9350
9336 9350 9337
9301 9351 9344
9344 9352 9349
9344 9351 9352
9301 9353 9351
9298 9353 9301
9348 9349 9354
9350 9348 9355
9348 9354 9355
9337 9350 9356
9350 9355 9356
9349 9352 9357
9349 9357 9354
9337 9356 9358
9337 9358 9338
9358 9359 9338
9338 9359 9339
9339 9359 9360
9339 9360 9340
9340 9360 9361
9340 9361 9341
9341 9361 9362
9341 9362 9343
9343 9362 9363
9343 9363 9345
9345 9363 9364
9345 9364 9346
9346 9364 9365
9346 9365 9347
9358 9366 9359
9359 9367 9360
9359 9366 9367
9360 9368 9361
9360 9367 9368
9361 9369 9362
9361 9368 9369
9362 9370 9363
9362 9369 9370
9363 9371 9364
9363 9370 9371
9358 9372 9366
9358 9356 9372
9366 9373 9367
9366 9372 9373
9367 9374 9368
9367 9373 9374
9368 9375 9369
9368 9374 9375
9369 9376 9370
9369 9375 9376
9356 9377 9372
9356 9355 9377
9372 9378 9373
9372 9377 9378
9373 9379 9374
9373 9378 9379
9374 9380 9375
9374 9379 9380
9355 9381 9377
9355 9354 9381
9377 9382 9378
9377 9381 9382
9378 9383 9379
9378 9382 9383
9354 9384 9381
9354 9357 9384
9381 9385 9382
9381 9384 9385
9357 9386 9384
9386 9385 9384
9375 9380 9387
9375 9387 9376
9379 9388 9380
9379 9383 9388
9382 9389 9383
9382 9385 9389
9357 9390 9386
9352 9390 9357
9352 9391 9390
9351 9391 9352
9386 9390 9392
9392 9390 9391
9386 9393 9385
9386 9392 9393
9351 9394 9391
9353 9394 9351
9385 9393 9395
9385 9395 9389
9383 9389 9396
9383 9396 9388
9393 9392 9397
9393 9397 9395
9392 9391 9398
9398 9391 9394
9353 9399 9394
9298 9399 9353
9389 9395 9400
9389 9400 9396
9392 9398 9401
9392 9401 9397
9398 9394 9402
9402 9394 9399
9401 9398 9402
9298 9403 9399
9299 9403 9298
9395 9397 9404
9395 9404 9400
9397 9401 9405
9397 9405 9404
9402 9399 9406
9406 9399 9403
9407 9403 9299
9406 9403 9407
9407 9299 9408
9401 9402 9409
9409 9402 9406
9405 9401 9409
9410 9407 9408
9410 9408 9411
9412 9406 9407
9409 9406 9412
9412 9407 9410
9405 9409 9413
9413 9409 9412
9404 9405 9414
9414 9405 9413
9415 9410 9411
9415 9411 9416
9417 9412 9410
9413 9412 9417
9417 9410 9415
9418 9415 9416
9418 9416 9419
9420 9413 9417
9414 9413 9420
9421 9417 9415
9421 9415 9418
9420 9417 9421
9422 9418 9419
9422 9419 9423
9424 9421 9418
9424 9418 9422
9425 9420 9421
9425 9421 9424
9426 9422 9423
9426 9423 9427
9426 9427 9428
9429 9424 9422
9429 9422 9426
9430 9414 9420
9430 9420 9425
9431 9425 9424
9431 9424 9429
9432 9430 9425
9432 9425 9431
9426 9428 9433
9434 9429 9426
9434 9426 9433
9435 9431 9429
9435 9429 9434
9436 9433 9428
9436 9428 9437
9438 9431 9435
9438 9432 9431
9439 9435 9434
9438 9435 9439
9440 9434 9433
9440 9433 9436
9439 9434 9440
9441 9436 9437
9441 9437 9442
9443 9440 9436
9439 9440 9443
9443 9436 9441
9444 9441 9442
9444 9442 9445
9446 9443 9441
9446 9441 9444
9439 9443 9447
9447 9443 9446
9438 9439 9448
9448 9439 9447
9449 9444 9445
9449 9445 9450
9451 9446 9444
9451 9444 9449
9452 9451 9449
9453 9449 9450
9452 9449 9453
9453 9450 9454
9453 9454 9455
9453 9455 9456
9452 9453 9456
9456 9455 9457
9447 9446 9458
9458 9446 9451
9456 9457 9459
9459 9457 9460
9461 9451 9452
9458 9451 9461
9462 9447 9458
9448 9447 9462
9463 9456 9459
9452 9456 9463
9459 9460 9464
9464 9460 9465
9466 9458 9461
9462 9458 9466
9463 9459 9467
9467 9459 9464
9464 9465 9468
9468 9465 9266
9467 9464 9469
9469 9464 9468
9468 9266 9470
9265 9470 9266
9469 9468 9471
9471 9468 9470
9472 9470 9265
9471 9470 9472
9472 9265 9276
9473 9467 9469
9473 9469 9471
9474 9463 9467
9473 9474 9467
9475 9471 9472
9473 9471 9475
9476 9472 9276
9475 9472 9476
9476 9276 9310
9477 9473 9475
9477 9475 9476
9478 9476 9310
9477 9476 9478
9478 9310 9315
9477 9479 9473
9479 9474 9473
9474 9480 9463
9480 9452 9463
9481 9477 9478
9481 9479 9477
9482 9478 9315
9481 9478 9482
9482 9315 9325
9479 9483 9474
9483 9480 9474
9480 9484 9452
9461 9452 9484
9481 9485 9479
9485 9483 9479
9486 9481 9482
9486 9485 9481
9487 9482 9325
9486 9482 9487
9487 9325 9330
9330 9488 9487
9488 9486 9487
9330 9347 9488
9483 9489 9480
9489 9484 9480
9490 9461 9484
9466 9461 9490
9485 9491 9483
9491 9489 9483
9486 9492 9485
9488 9492 9486
9492 9491 9485
9347 9493 9488
9347 9365 9493
9488 9494 9492
9492 9494 9491
9488 9493 9494
9489 9495 9484
9490 9484 9495
9491 9496 9489
9494 9496 9491
9496 9495 9489
9493 9497 9494
9494 9497 9496
9365 9498 9493
9493 9498 9497
9496 9499 9495
9497 9499 9496
9500 9490 9495
9500 9495 9499
9497 9501 9499
9498 9501 9497
9501 9500 9499
9365 9502 9498
9364 9502 9365
9364 9371 9502
9498 9503 9501
9502 9503 9498
9371 9504 9502
9502 9504 9503
9503 9505 9501
9501 9505 9500
9506 9490 9500
9506 9466 9490
9503 9507 9505
9504 9507 9503
9508 9500 9505
9508 9506 9500
9507 9508 9505
9371 9509 9504
9370 9509 9371
9370 9376 9509
9510 9466 9506
9510 9462 9466
9504 9511 9507
9509 9511 9504
9376 9512 9509
9509 9512 9511
9376 9387 9512
9507 9513 9508
9511 9513 9507
9514 9506 9508
9514 9510 9506
9513 9514 9508
9515 9462 9510
9515 9448 9462
9512 9516 9511
9511 9516 9513
9387 9517 9512
9512 9517 9516
9513 9518 9514
9516 9518 9513
9519 9510 9514
9519 9515 9510
9518 9519 9514
9520 9448 9515
9519 9520 9515
9520 9438 9448
9520 9432 9438
9516 9521 9518
9517 9521 9516
9518 9522 9519
9519 9522 9520
9521 9522 9518
9520 9523 9432
9522 9523 9520
9523 9430 9432
9521 9524 9522
9522 9524 9523
9523 9525 9430
9524 9525 9523
9525 9414 9430
9517 9526 9521
9526 9524 9521
9525 9527 9414
9404 9414 9527
9400 9404 9527
9400 9527 9528
9528 9527 9525
9396 9400 9528
9524 9529 9525
9528 9525 9529
9526 9529 9524
9396 9528 9530
9530 9528 9529
9530 9529 9526
9388 9396 9530
9531 9526 9517
9531 9530 9526
9388 9530 9531
9387 9531 9517
9380 9388 9531
9380 9531 9387
9532 9533 9534
9535 9532 9534
9532 9536 9533
9535 9537 9532
9536 9538 9533
9539 9537 9535
9536 9540 9538
9539 9541 9537
9540 9542 9538
9543 9541 9539
9540 9544 9542
9543 9545 9541
9544 9546 9542
9547 9545 9543
9544 9548 9546
9547 9549 9545
9548 9550 9546
9551 9549 9547
9548 9552 9550
9551 9553 9549
9552 9554 9550
9555 9553 9551
9552 9556 9554
9555 9557 9553
9556 9558 9554
9559 9557 9555
9556 9560 9558
9559 9561 9557
9560 9562 9558
9560 9563 9562
9562 9563 9564
9562 9564 9565
9565 9564 9566
9565 9566 9567
9567 9566 9568
9567 9568 9569
9569 9568 9570
9569 9570 9571
9571 9570 9572
9571 9572 9573
9573 9572 9574
9573 9574 9575
9575 9574 9576
9575 9576 9577
9577 9576 9578
9577 9578 9579
9578 9580 9579
9578 9581 9580
9581 9582 9580
9581 9583 9582
9583 9584 9582
9583 9585 9584
9585 9586 9584
9585 9587 9586
9587 9588 9586
9587 9589 9588
9589 9590 9588
9589 9591 9590
9591 9592 9590
9591 9593 9592
9593 9594 9592
9593 9595 9594
9594 9595 9561
9594 9561 9559
9596 9597 9598
9597 9599 9598
9596 9600 9597
9601 9600 9596
9601 9602 9600
9603 9602 9601
9597 9604 9599
9604 9605 9599
9597 9600 9606
9606 9600 9602
9604 9597 9607
9597 9606 9607
9604 9608 9605
9608 9609 9605
9604 9607 9610
9608 9604 9610
9608 9611 9609
9611 9612 9609
9608 9610 9613
9611 9608 9613
9603 9614 9602
9606 9602 9615
9615 9602 9614
9607 9606 9616
9616 9606 9615
9610 9607 9617
9607 9616 9617
9610 9617 9618
9613 9610 9618
9619 9614 9603
9619 9603 9620
9621 9617 9616
9618 9617 9621
9622 9619 9620
9622 9620 9623
9624 9622 9623
9624 9623 9625
9626 9624 9625
9626 9625 9627
9628 9626 9627
9628 9627 9629
9630 9628 9629
9630 9629 9631
9632 9630 9631
9626 9628 9633
9630 9633 9628
9624 9626 9634
9626 9633 9634
9622 9624 9635
9624 9634 9635
9619 9622 9636
9622 9635 9636
9632 9637 9630
9638 9637 9632
9635 9634 9639
9639 9634 9633
9630 9640 9633
9637 9640 9630
9638 9641 9637
9642 9641 9638
9619 9636 9643
9614 9619 9643
9636 9635 9644
9635 9639 9644
9640 9645 9633
9639 9633 9645
9637 9646 9640
9641 9646 9637
9642 9647 9641
9648 9647 9642
9640 9649 9645
9646 9649 9640
9639 9645 9650
9649 9650 9645
9641 9651 9646
9647 9651 9641
9646 9652 9649
9651 9652 9646
9644 9639 9653
9639 9650 9653
9649 9654 9650
9652 9654 9649
9648 9655 9647
9656 9655 9648
9657 9653 9650
9657 9650 9654
9656 9658 9655
9659 9658 9656
9659 9660 9658
9661 9660 9659
9661 9662 9660
9663 9662 9661
9663 9664 9662
9665 9664 9663
9666 9660 9662
9666 9662 9664
9667 9658 9660
9666 9667 9660
9668 9655 9658
9667 9668 9658
9665 9669 9664
9670 9669 9665
9666 9664 9671
9671 9664 9669
9672 9667 9666
9672 9666 9671
9670 9673 9669
9674 9673 9670
9671 9669 9675
9675 9669 9673
9674 9676 9673
9677 9676 9674
9668 9678 9655
9678 9647 9655
9679 9668 9667
9672 9679 9667
9672 9671 9680
9680 9671 9675
9675 9673 9681
9681 9673 9676
9678 9682 9647
9647 9682 9651
9683 9678 9668
9679 9683 9668
9684 9679 9672
9684 9672 9680
9680 9675 9685
9685 9675 9681
9686 9682 9678
9683 9686 9678
9682 9687 9651
9651 9687 9652
9688 9683 9679
9684 9688 9679
9684 9680 9689
9689 9680 9685
9688 9690 9683
9690 9686 9683
9684 9691 9688
9684 9689 9691
9691 9690 9688
9686 9692 9682
9682 9692 9687
9689 9685 9693
9693 9691 9689
9690 9694 9686
9694 9692 9686
9691 9695 9690
9695 9694 9690
9694 9696 9692
9696 9687 9692
9693 9685 9697
9685 9681 9697
9693 9698 9691
9698 9695 9691
9695 9699 9694
9699 9696 9694
9697 9681 9700
9681 9676 9700
9693 9697 9701
9701 9698 9693
9698 9702 9695
9702 9699 9695
9700 9676 9703
9677 9703 9676
9697 9700 9704
9701 9697 9704
9701 9705 9698
9705 9702 9698
9706 9703 9677
9706 9677 9707
9700 9703 9708
9704 9700 9708
9701 9704 9709
9709 9705 9701
9703 9710 9708
9703 9706 9710
9704 9708 9711
9709 9704 9711
9711 9708 9710
9712 9706 9707
9712 9707 9713
9706 9714 9710
9706 9712 9714
9715 9712 9713
9714 9712 9715
9715 9713 9716
9717 9715 9716
9711 9710 9718
9718 9710 9714
9709 9711 9719
9719 9711 9718
9717 9720 9715
9721 9720 9717
9714 9715 9722
9722 9715 9720
9718 9714 9723
9723 9714 9722
9721 9724 9720
9725 9724 9721
9722 9720 9726
9726 9720 9724
9725 9727 9724
9612 9727 9725
9719 9728 9709
9709 9728 9705
9719 9718 9729
9729 9718 9723
9730 9722 9726
9723 9722 9730
9726 9724 9731
9731 9724 9727
9612 9732 9727
9611 9732 9612
9730 9726 9733
9733 9726 9731
9723 9730 9734
9734 9730 9733
9731 9727 9735
9735 9727 9732
9732 9611 9736
9611 9613 9736
9733 9731 9737
9737 9731 9735
9735 9732 9738
9732 9736 9738
9736 9613 9739
9613 9618 9739
9723 9734 9740
9729 9723 9740
9734 9733 9741
9741 9733 9737
9737 9735 9742
9742 9735 9738
9738 9736 9743
9736 9739 9743
9739 9618 9744
9618 9621 9744
9734 9745 9740
9734 9741 9745
9741 9737 9746
9746 9737 9742
9739 9744 9747
9743 9739 9747
9738 9743 9748
9742 9738 9748
9749 9744 9621
9747 9744 9749
9748 9743 9750
9743 9747 9750
9742 9748 9751
9748 9750 9751
9750 9747 9752
9747 9749 9752
9741 9753 9745
9741 9746 9753
9746 9742 9754
9742 9751 9754
9751 9750 9755
9750 9752 9755
9746 9754 9756
9746 9756 9753
9754 9751 9757
9751 9755 9757
9754 9757 9756
9745 9753 9758
9753 9756 9759
9753 9759 9758
9756 9757 9760
9756 9760 9759
9757 9755 9761
9757 9761 9760
9755 9752 9762
9755 9762 9761
9745 9758 9763
9740 9745 9763
9740 9763 9729
9729 9763 9764
9729 9764 9719
9719 9764 9728
9763 9758 9765
9763 9765 9764
9758 9759 9766
9758 9766 9765
9759 9760 9767
9759 9767 9766
9760 9761 9768
9760 9768 9767
9764 9769 9728
9764 9765 9769
9765 9766 9770
9765 9770 9769
9766 9767 9771
9766 9771 9770
9728 9769 9772
9728 9772 9705
9705 9772 9702
9769 9770 9773
9769 9773 9772
9772 9774 9702
9772 9773 9774
9702 9774 9699
9770 9775 9773
9770 9771 9775
9767 9776 9771
9767 9768 9776
9773 9777 9774
9773 9775 9777
9774 9778 9699
9774 9777 9778
9699 9778 9696
9771 9779 9775
9771 9776 9779
9775 9780 9777
9775 9779 9780
9777 9781 9778
9777 9780 9781
9778 9782 9696
9778 9781 9782
9696 9782 9687
9687 9782 9783
9781 9783 9782
9687 9783 9652
9652 9783 9654
9781 9784 9783
9784 9654 9783
9780 9784 9781
9784 9657 9654
9780 9785 9784
9779 9785 9780
9785 9657 9784
9776 9786 9779
9779 9786 9785
9785 9787 9657
9786 9787 9785
9787 9653 9657
9776 9788 9786
9768 9788 9776
9786 9789 9787
9788 9789 9786
9787 9790 9653
9789 9790 9787
9644 9653 9790
9768 9791 9788
9761 9791 9768
9761 9762 9791
9788 9792 9789
9791 9792 9788
9793 9644 9790
9636 9644 9793
9643 9636 9793
9789 9794 9790
9792 9794 9789
9793 9790 9794
9762 9795 9791
9791 9795 9792
9792 9796 9794
9796 9793 9794
9795 9796 9792
9762 9797 9795
9752 9797 9762
9752 9749 9797
9796 9798 9793
9643 9793 9798
9795 9799 9796
9797 9799 9795
9799 9798 9796
9749 9800 9797
9797 9800 9799
9799 9801 9798
9801 9643 9798
9800 9801 9799
9749 9802 9800
9749 9621 9802
9621 9616 9802
9802 9803 9800
9802 9616 9803
9800 9803 9801
9616 9615 9803
9801 9804 9643
9803 9804 9801
9803 9615 9804
9614 9643 9804
9615 9614 9804
